event_id,start_frame
2,0
4,0
4,1
4,2
4,3
4,4
4,5
4,6
4,7
4,8
4,9
4,10
4,11
4,12
4,13
4,14
4,15
4,16
4,17
4,18
4,19
4,20
4,21
4,22
4,23
4,24
4,25
4,26
5,0
5,1
5,2
5,3
5,4
5,5
5,6
5,7
5,8
5,9
5,10
5,11
5,12
5,13
5,14
5,15
5,16
5,17
5,18
5,19
5,20
5,21
5,22
5,23
5,24
5,25
5,26
5,27
5,28
5,29
5,30
5,31
5,32
5,33
5,34
5,35
5,36
5,37
5,38
5,39
5,40
5,41
5,42
5,43
5,44
5,45
5,46
5,47
5,48
5,49
5,50
5,51
5,52
5,53
5,54
5,55
5,56
5,57
5,58
5,59
5,60
5,61
5,62
5,63
6,0
6,1
6,2
6,3
6,4
6,5
6,6
6,7
6,8
6,9
6,10
6,11
6,12
6,13
6,14
6,15
6,16
6,17
6,18
6,19
6,20
6,21
6,22
6,23
6,24
6,25
6,26
6,27
6,28
6,29
6,30
6,31
6,32
6,33
6,34
6,35
6,36
6,37
6,38
6,39
6,40
6,41
6,42
6,43
6,44
6,45
6,46
6,47
6,48
6,49
6,50
6,51
6,52
6,53
6,54
6,55
6,56
6,57
6,58
6,59
6,60
6,61
6,62
6,63
6,64
6,65
6,66
6,67
6,68
6,69
6,70
6,71
6,72
6,73
6,74
6,75
7,0
7,1
7,2
7,3
7,4
7,5
7,6
7,7
7,8
7,9
7,10
7,11
7,12
7,13
7,14
7,15
7,16
7,17
7,18
7,19
7,20
7,21
7,22
7,23
7,24
7,25
7,26
7,27
7,28
7,29
7,30
7,31
7,32
7,33
7,34
7,35
7,36
7,37
7,38
7,39
7,40
7,41
7,42
7,43
7,44
7,45
7,46
7,47
7,48
7,49
7,50
7,51
7,52
7,53
7,54
7,55
7,56
7,57
7,58
7,59
7,60
7,61
7,62
7,63
7,64
7,65
7,66
7,67
7,68
11,0
11,1
11,2
11,3
11,4
11,5
11,6
11,7
11,8
11,9
11,10
11,11
11,12
11,13
11,14
11,15
11,16
11,17
11,18
11,19
11,20
11,21
11,22
11,23
11,24
11,25
11,26
11,27
12,0
12,1
12,2
12,3
12,4
12,5
12,6
12,7
12,8
12,9
12,10
12,11
12,12
12,13
12,14
12,15
12,16
12,17
12,18
12,19
12,20
12,21
12,22
12,23
12,24
12,25
12,26
12,27
12,28
12,29
12,30
12,31
12,32
12,33
12,34
12,35
12,36
12,37
12,38
12,39
12,40
12,41
12,42
12,43
12,44
12,45
12,46
12,47
12,48
12,49
12,50
12,51
12,52
12,53
12,54
12,55
12,56
12,57
12,58
12,59
12,60
12,61
12,62
13,0
13,1
13,2
13,3
13,4
13,5
13,6
13,7
13,8
13,9
13,10
13,11
13,12
13,13
13,14
13,15
13,16
13,17
13,18
13,19
13,20
13,21
13,22
13,23
13,24
13,25
13,26
13,27
13,28
13,29
13,30
13,31
13,32
13,33
13,34
13,35
13,36
13,37
13,38
13,39
13,40
13,41
13,42
13,43
13,44
13,45
13,46
13,47
13,48
13,49
13,50
13,51
13,52
13,53
13,54
13,55
13,56
13,57
13,58
13,59
13,60
13,61
13,62
13,63
13,64
13,65
13,66
13,67
13,68
13,69
13,70
13,71
13,72
13,73
13,74
13,75
13,76
13,77
13,78
13,79
13,80
14,0
14,1
15,0
15,1
15,2
15,3
15,4
15,5
15,6
15,7
15,8
15,9
15,10
15,11
15,12
15,13
15,14
15,15
15,16
15,17
15,18
15,19
15,20
15,21
15,22
15,23
15,24
15,25
15,26
15,27
15,28
15,29
15,30
15,31
15,32
15,33
15,34
15,35
15,36
15,37
15,38
15,39
15,40
15,41
15,42
15,43
15,44
15,45
15,46
15,47
15,48
15,49
15,50
15,51
15,52
15,53
15,54
15,55
15,56
15,57
15,58
15,59
15,60
15,61
15,62
15,63
15,64
15,65
15,66
15,67
15,68
15,69
15,70
16,0
16,1
16,2
16,3
16,4
16,5
16,6
16,7
16,8
16,9
16,10
16,11
16,12
16,13
16,14
16,15
16,16
16,17
16,18
16,19
16,20
16,21
16,22
16,23
16,24
16,25
16,26
16,27
16,28
16,29
16,30
16,31
16,32
16,33
16,34
16,35
16,36
16,37
16,38
16,39
16,40
16,41
16,42
16,43
16,44
16,45
16,46
16,47
16,48
16,49
16,50
16,51
16,52
16,53
16,54
16,55
16,56
16,57
16,58
16,59
16,60
16,61
16,62
16,63
16,64
16,65
16,66
16,67
16,68
16,69
16,70
16,71
16,72
16,73
16,74
16,75
16,76
16,77
16,78
16,79
16,80
16,81
16,82
16,83
16,84
16,85
16,86
16,87
16,88
16,89
16,90
16,91
16,92
16,93
16,94
16,95
16,96
16,97
16,98
16,99
16,100
16,101
16,102
16,103
16,104
16,105
16,106
16,107
16,108
16,109
16,110
16,111
16,112
16,113
16,114
16,115
16,116
16,117
16,118
16,119
16,120
16,121
16,122
16,123
16,124
16,125
16,126
16,127
16,128
16,129
16,130
16,131
16,132
16,133
16,134
16,135
16,136
16,137
16,138
16,139
16,140
16,141
16,142
16,143
16,144
16,145
16,146
16,147
16,148
16,149
16,150
16,151
16,152
16,153
16,154
16,155
16,156
16,157
16,158
16,159
16,160
16,161
16,162
17,0
17,1
17,2
17,3
17,4
17,5
17,6
17,7
17,8
17,9
17,10
17,11
17,12
17,13
17,14
17,15
17,16
17,17
17,18
17,19
17,20
17,21
17,22
17,23
17,24
17,25
17,26
17,27
17,28
17,29
17,30
17,31
17,32
17,33
17,34
17,35
17,36
17,37
17,38
17,39
17,40
17,41
17,42
17,43
17,44
17,45
17,46
17,47
17,48
17,49
17,50
17,51
17,52
17,53
17,54
17,55
17,56
17,57
17,58
17,59
17,60
17,61
17,62
17,63
17,64
17,65
17,66
17,67
17,68
17,69
17,70
17,71
17,72
17,73
17,74
17,75
17,76
17,77
17,78
17,79
17,80
17,81
17,82
17,83
17,84
17,85
17,86
17,87
17,88
17,89
17,90
17,91
17,92
17,93
17,94
17,95
17,96
17,97
17,98
17,99
17,100
17,101
17,102
17,103
17,104
17,105
17,106
17,107
17,108
17,109
17,110
17,111
17,112
17,113
17,114
17,115
17,116
17,117
17,118
17,119
17,120
17,121
17,122
17,123
18,0
18,1
18,2
18,3
18,4
18,5
18,6
18,7
18,8
18,9
18,10
18,11
18,12
18,13
18,14
19,0
19,1
19,2
19,3
19,4
19,5
19,6
19,7
19,8
19,9
19,10
19,11
19,12
19,13
19,14
19,15
19,16
19,17
19,18
19,19
19,20
19,21
19,22
19,23
19,24
19,25
20,0
20,1
20,2
20,3
20,4
20,5
20,6
20,7
20,8
20,9
20,10
20,11
20,12
20,13
20,14
20,15
20,16
20,17
20,18
20,19
20,20
20,21
20,22
20,23
20,24
20,25
20,26
20,27
20,28
20,29
20,30
20,31
20,32
20,33
20,34
20,35
20,36
20,37
20,38
20,39
20,40
20,41
20,42
20,43
20,44
20,45
20,46
20,47
20,48
20,49
20,50
20,51
20,52
20,53
20,54
20,55
20,56
20,57
20,58
20,59
20,60
20,61
20,62
20,63
20,64
20,65
20,66
20,67
20,68
20,69
20,70
20,71
20,72
20,73
20,74
20,75
20,76
20,77
20,78
20,79
20,80
20,81
20,82
20,83
20,84
20,85
20,86
21,0
21,1
21,2
21,3
21,4
21,5
21,6
21,7
21,8
21,9
21,10
21,11
21,12
21,13
21,14
21,15
21,16
21,17
21,18
21,19
21,20
21,21
21,22
21,23
21,24
21,25
21,26
21,27
21,28
21,29
21,30
21,31
21,32
21,33
21,34
21,35
21,36
21,37
21,38
21,39
21,40
21,41
21,42
21,43
21,44
21,45
21,46
21,47
21,48
21,49
21,50
21,51
21,52
21,53
21,54
21,55
21,56
21,57
21,58
21,59
21,60
21,61
21,62
21,63
21,64
21,65
21,66
21,67
21,68
21,69
21,70
21,71
21,72
21,73
21,74
21,75
21,76
21,77
21,78
21,79
21,80
21,81
21,82
21,83
23,0
23,1
23,2
23,3
23,4
23,5
23,6
23,7
23,8
23,9
23,10
23,11
23,12
23,13
23,14
23,15
23,16
23,17
23,18
23,19
23,20
23,21
23,22
23,23
23,24
23,25
23,26
23,27
23,28
23,29
23,30
23,31
23,32
23,33
23,34
23,35
23,36
23,37
23,38
23,39
23,40
23,41
23,42
23,43
23,44
23,45
23,46
23,47
23,48
23,49
23,50
23,51
23,52
23,53
23,54
23,55
23,56
23,57
23,58
23,59
23,60
23,61
23,62
23,63
23,64
23,65
23,66
23,67
23,68
23,69
23,70
23,71
23,72
23,73
23,74
23,75
23,76
23,77
23,78
23,79
23,80
23,81
23,82
23,83
23,84
23,85
23,86
23,87
23,88
23,89
23,90
23,91
23,92
23,93
23,94
23,95
23,96
23,97
23,98
23,99
23,100
23,101
23,102
23,103
23,104
23,105
23,106
23,107
23,108
23,109
23,110
23,111
23,112
23,113
23,114
23,115
23,116
23,117
23,118
23,119
23,120
23,121
23,122
23,123
23,124
23,125
23,126
23,127
23,128
23,129
23,130
23,131
23,132
24,0
31,0
31,1
31,2
31,3
31,4
31,5
31,6
31,7
31,8
31,9
31,10
31,11
31,12
31,13
31,14
31,15
31,16
31,17
31,18
31,19
31,20
31,21
31,22
31,23
31,24
31,25
31,26
31,27
31,28
31,29
31,30
31,31
31,32
31,33
31,34
31,35
31,36
31,37
31,38
31,39
31,40
31,41
31,42
31,43
31,44
31,45
31,46
31,47
31,48
31,49
31,50
31,51
31,52
31,53
31,54
31,55
31,56
31,57
31,58
31,59
31,60
31,61
31,62
31,63
31,64
31,65
31,66
31,67
31,68
31,69
31,70
31,71
31,72
31,73
31,74
31,75
31,76
31,77
31,78
31,79
31,80
31,81
31,82
31,83
31,84
31,85
31,86
31,87
31,88
31,89
31,90
31,91
31,92
31,93
31,94
31,95
31,96
31,97
31,98
31,99
31,100
31,101
31,102
31,103
31,104
31,105
31,106
31,107
31,108
31,109
31,110
31,111
31,112
31,113
32,0
32,1
32,2
32,3
32,4
32,5
32,6
32,7
32,8
32,9
32,10
32,11
32,12
32,13
32,14
32,15
32,16
32,17
32,18
32,19
32,20
32,21
32,22
32,23
32,24
32,25
32,26
32,27
32,28
32,29
32,30
32,31
32,32
32,33
32,34
32,35
32,36
32,37
32,38
32,39
32,40
32,41
32,42
32,43
32,44
32,45
32,46
32,47
32,48
32,49
32,50
32,51
32,52
32,53
32,54
32,55
32,56
32,57
32,58
32,59
32,60
32,61
32,62
32,63
32,64
32,65
32,66
32,67
32,68
32,69
32,70
32,71
32,72
32,73
32,74
32,75
32,76
32,77
32,78
32,79
32,80
32,81
32,82
32,83
32,84
32,85
32,86
32,87
32,88
32,89
32,90
32,91
32,92
32,93
32,94
32,95
32,96
32,97
32,98
32,99
32,100
32,101
32,102
32,103
32,104
32,105
32,106
32,107
32,108
32,109
32,110
32,111
32,112
32,113
32,114
32,115
32,116
32,117
32,118
32,119
32,120
32,121
32,122
32,123
32,124
32,125
32,126
32,127
32,128
32,129
32,130
32,131
32,132
32,133
32,134
32,135
32,136
32,137
32,138
32,139
32,140
32,141
32,142
32,143
32,144
32,145
32,146
32,147
32,148
32,149
32,150
32,151
32,152
32,153
32,154
32,155
32,156
32,157
32,158
32,159
32,160
32,161
32,162
32,163
32,164
32,165
32,166
32,167
32,168
32,169
32,170
32,171
32,172
32,173
32,174
34,0
34,1
34,2
34,3
34,4
34,5
34,6
34,7
34,8
34,9
34,10
34,11
34,12
34,13
34,14
34,15
34,16
34,17
34,18
34,19
34,20
34,21
34,22
34,23
34,24
34,25
34,26
34,27
34,28
34,29
34,30
34,31
34,32
34,33
34,34
34,35
34,36
34,37
34,38
34,39
34,40
34,41
34,42
34,43
34,44
34,45
34,46
34,47
34,48
34,49
34,50
34,51
34,52
34,53
34,54
34,55
34,56
34,57
34,58
34,59
34,60
34,61
34,62
34,63
34,64
34,65
34,66
34,67
34,68
34,69
34,70
34,71
34,72
34,73
36,0
36,1
36,2
36,3
36,4
36,5
36,6
36,7
36,8
36,9
36,10
36,11
36,12
36,13
36,14
36,15
36,16
37,0
37,1
37,2
37,3
37,4
37,5
37,6
37,7
37,8
37,9
37,10
37,11
37,12
37,13
37,14
37,15
37,16
37,17
37,18
37,19
37,20
37,21
37,22
37,23
37,24
37,25
37,26
37,27
37,28
37,29
37,30
37,31
37,32
37,33
37,34
37,35
37,36
37,37
37,38
37,39
37,40
37,41
37,42
38,0
38,1
38,2
38,3
38,4
38,5
38,6
38,7
38,8
38,9
38,10
38,11
38,12
38,13
38,14
38,15
38,16
38,17
38,18
38,19
38,20
38,21
38,22
38,23
38,24
38,25
38,26
38,27
38,28
38,29
38,30
38,31
38,32
38,33
38,34
38,35
38,36
38,37
38,38
38,39
38,40
38,41
38,42
38,43
38,44
38,45
38,46
39,0
39,1
39,2
39,3
39,4
39,5
39,6
39,7
39,8
39,9
39,10
39,11
39,12
39,13
39,14
39,15
39,16
39,17
39,18
39,19
39,20
39,21
39,22
39,23
39,24
39,25
39,26
39,27
39,28
39,29
39,30
39,31
39,32
39,33
39,34
39,35
39,36
39,37
39,38
39,39
39,40
39,41
39,42
41,0
41,1
41,2
41,3
41,4
41,5
41,6
41,7
41,8
41,9
41,10
41,11
41,12
41,13
41,14
42,0
42,1
42,2
42,3
42,4
42,5
42,6
42,7
42,8
42,9
42,10
42,11
42,12
42,13
42,14
42,15
42,16
42,17
42,18
42,19
42,20
42,21
42,22
42,23
42,24
42,25
42,26
42,27
42,28
42,29
42,30
42,31
42,32
42,33
42,34
42,35
42,36
42,37
42,38
42,39
42,40
42,41
42,42
42,43
42,44
42,45
42,46
42,47
42,48
42,49
42,50
42,51
42,52
42,53
42,54
44,0
44,1
44,2
44,3
44,4
44,5
44,6
44,7
44,8
44,9
44,10
44,11
44,12
44,13
44,14
44,15
44,16
44,17
44,18
44,19
44,20
44,21
44,22
44,23
44,24
44,25
44,26
44,27
44,28
44,29
44,30
44,31
44,32
44,33
44,34
44,35
44,36
44,37
44,38
44,39
44,40
44,41
44,42
44,43
44,44
44,45
44,46
45,0
45,1
45,2
45,3
45,4
45,5
45,6
45,7
45,8
45,9
45,10
45,11
45,12
45,13
45,14
45,15
45,16
45,17
45,18
45,19
45,20
45,21
45,22
45,23
45,24
45,25
45,26
45,27
45,28
45,29
45,30
45,31
45,32
45,33
45,34
45,35
45,36
45,37
45,38
45,39
45,40
45,41
45,42
45,43
45,44
45,45
45,46
45,47
45,48
45,49
45,50
45,51
45,52
45,53
45,54
45,55
45,56
45,57
45,58
45,59
45,60
45,61
45,62
45,63
45,64
45,65
45,66
46,0
46,1
46,2
46,3
46,4
46,5
46,6
46,7
46,8
46,9
46,10
46,11
46,12
46,13
46,14
46,15
46,16
46,17
46,18
46,19
46,20
46,21
46,22
46,23
46,24
46,25
46,26
46,27
46,28
46,29
46,30
46,31
46,32
46,33
46,34
46,35
46,36
46,37
46,38
46,39
46,40
46,41
46,42
46,43
46,44
46,45
46,46
46,47
46,48
46,49
46,50
46,51
46,52
46,53
46,54
46,55
46,56
46,57
46,58
46,59
46,60
46,61
46,62
46,63
46,64
50,0
50,1
50,2
50,3
50,4
50,5
50,6
50,7
50,8
50,9
50,10
50,11
50,12
50,13
50,14
50,15
50,16
50,17
50,18
51,0
51,1
51,2
51,3
51,4
51,5
51,6
51,7
51,8
51,9
51,10
51,11
51,12
51,13
51,14
51,15
51,16
51,17
51,18
51,19
51,20
51,21
51,22
51,23
51,24
51,25
51,26
51,27
51,28
51,29
51,30
51,31
51,32
51,33
51,34
51,35
51,36
51,37
51,38
51,39
51,40
51,41
51,42
51,43
51,44
51,45
51,46
51,47
51,48
51,49
51,50
51,51
51,52
51,53
51,54
51,55
51,56
51,57
51,58
51,59
51,60
51,61
51,62
51,63
51,64
51,65
51,66
51,67
51,68
51,69
51,70
53,0
53,1
53,2
53,3
53,4
53,5
53,6
53,7
53,8
53,9
53,10
53,11
53,12
53,13
53,14
53,15
53,16
53,17
53,18
53,19
53,20
53,21
53,22
53,23
53,24
53,25
53,26
53,27
53,28
53,29
53,30
53,31
53,32
53,33
53,34
53,35
53,36
53,37
53,38
53,39
53,40
53,41
53,42
53,43
53,44
53,45
53,46
53,47
53,48
53,49
53,50
53,51
53,52
53,53
53,54
53,55
53,56
53,57
53,58
53,59
53,60
53,61
53,62
53,63
53,64
53,65
53,66
53,67
53,68
53,69
53,70
53,71
53,72
53,73
53,74
53,75
53,76
53,77
53,78
53,79
53,80
53,81
53,82
53,83
53,84
53,85
53,86
53,87
53,88
53,89
53,90
53,91
53,92
53,93
53,94
53,95
53,96
53,97
53,98
53,99
53,100
53,101
53,102
53,103
53,104
53,105
53,106
53,107
53,108
53,109
53,110
53,111
53,112
53,113
53,114
53,115
53,116
53,117
53,118
53,119
53,120
53,121
53,122
53,123
53,124
53,125
53,126
53,127
53,128
53,129
53,130
53,131
53,132
53,133
53,134
53,135
53,136
53,137
53,138
53,139
53,140
53,141
53,142
53,143
53,144
53,145
53,146
53,147
53,148
53,149
53,150
53,151
53,152
53,153
53,154
53,155
53,156
53,157
56,0
56,1
56,2
56,3
56,4
56,5
56,6
56,7
56,8
56,9
56,10
56,11
57,0
57,1
57,2
57,3
57,4
57,5
57,6
57,7
57,8
57,9
57,10
57,11
57,12
57,13
57,14
57,15
57,16
57,17
57,18
57,19
57,20
57,21
57,22
57,23
57,24
57,25
57,26
57,27
57,28
57,29
57,30
57,31
57,32
57,33
57,34
57,35
57,36
57,37
57,38
57,39
57,40
57,41
57,42
57,43
57,44
57,45
57,46
57,47
57,48
57,49
57,50
57,51
57,52
57,53
57,54
57,55
57,56
57,57
57,58
57,59
57,60
58,0
58,1
58,2
58,3
58,4
58,5
58,6
58,7
58,8
58,9
58,10
58,11
58,12
58,13
58,14
58,15
58,16
58,17
58,18
58,19
58,20
58,21
58,22
58,23
58,24
58,25
58,26
58,27
58,28
58,29
58,30
58,31
58,32
58,33
58,34
58,35
58,36
58,37
58,38
58,39
58,40
58,41
58,42
58,43
58,44
58,45
58,46
58,47
58,48
58,49
58,50
58,51
58,52
58,53
58,54
58,55
58,56
58,57
58,58
58,59
58,60
58,61
58,62
58,63
58,64
58,65
58,66
58,67
58,68
58,69
58,70
58,71
58,72
58,73
58,74
58,75
58,76
58,77
58,78
58,79
58,80
58,81
58,82
58,83
58,84
58,85
58,86
58,87
58,88
58,89
58,90
58,91
58,92
58,93
58,94
58,95
58,96
58,97
58,98
58,99
58,100
58,101
58,102
58,103
59,0
59,1
59,2
59,3
59,4
59,5
59,6
59,7
59,8
59,9
59,10
59,11
59,12
59,13
59,14
59,15
59,16
59,17
59,18
59,19
59,20
59,21
59,22
59,23
59,24
59,25
59,26
59,27
59,28
59,29
59,30
59,31
59,32
59,33
59,34
59,35
59,36
59,37
59,38
59,39
59,40
59,41
59,42
59,43
59,44
59,45
59,46
59,47
59,48
59,49
59,50
59,51
59,52
59,53
59,54
59,55
59,56
59,57
59,58
59,59
59,60
59,61
59,62
59,63
59,64
59,65
59,66
59,67
59,68
59,69
59,70
59,71
59,72
59,73
59,74
59,75
59,76
59,77
60,0
60,1
60,2
60,3
60,4
60,5
60,6
60,7
60,8
60,9
60,10
60,11
60,12
60,13
60,14
60,15
60,16
60,17
60,18
60,19
60,20
60,21
60,22
60,23
60,24
60,25
60,26
60,27
60,28
60,29
60,30
60,31
60,32
60,33
60,34
60,35
60,36
60,37
60,38
60,39
60,40
60,41
60,42
60,43
60,44
60,45
60,46
60,47
60,48
60,49
60,50
60,51
60,52
60,53
60,54
60,55
60,56
60,57
60,58
60,59
60,60
60,61
60,62
60,63
60,64
60,65
60,66
60,67
60,68
60,69
60,70
60,71
60,72
60,73
60,74
60,75
60,76
60,77
60,78
60,79
60,80
60,81
60,82
60,83
60,84
60,85
60,86
60,87
60,88
60,89
60,90
60,91
60,92
60,93
60,94
60,95
60,96
60,97
60,98
60,99
60,100
60,101
60,102
60,103
60,104
60,105
60,106
60,107
60,108
60,109
60,110
60,111
60,112
60,113
60,114
60,115
60,116
60,117
60,118
60,119
60,120
60,121
60,122
60,123
60,124
60,125
60,126
60,127
60,128
60,129
60,130
60,131
60,132
60,133
60,134
60,135
60,136
60,137
60,138
60,139
60,140
60,141
60,142
60,143
60,144
60,145
60,146
60,147
60,148
60,149
60,150
60,151
60,152
60,153
60,154
61,0
61,1
61,2
61,3
61,4
61,5
61,6
61,7
61,8
61,9
61,10
61,11
61,12
61,13
61,14
61,15
61,16
61,17
61,18
61,19
61,20
61,21
61,22
61,23
61,24
61,25
61,26
61,27
61,28
61,29
61,30
61,31
61,32
61,33
61,34
61,35
61,36
61,37
61,38
61,39
61,40
61,41
61,42
61,43
61,44
61,45
61,46
61,47
61,48
61,49
61,50
61,51
61,52
61,53
61,54
61,55
61,56
61,57
61,58
61,59
61,60
61,61
61,62
61,63
61,64
61,65
61,66
61,67
61,68
61,69
61,70
61,71
61,72
61,73
61,74
61,75
61,76
61,77
61,78
61,79
61,80
61,81
61,82
61,83
61,84
61,85
61,86
61,87
61,88
61,89
61,90
61,91
61,92
61,93
61,94
61,95
61,96
61,97
61,98
61,99
61,100
61,101
61,102
61,103
61,104
61,105
61,106
61,107
61,108
61,109
61,110
61,111
61,112
61,113
61,114
61,115
61,116
61,117
61,118
61,119
61,120
61,121
61,122
61,123
61,124
61,125
61,126
61,127
61,128
61,129
61,130
61,131
61,132
61,133
61,134
61,135
61,136
61,137
61,138
61,139
61,140
61,141
61,142
61,143
61,144
61,145
61,146
61,147
61,148
61,149
61,150
61,151
61,152
61,153
61,154
61,155
61,156
61,157
61,158
61,159
61,160
61,161
61,162
61,163
61,164
61,165
61,166
61,167
61,168
61,169
63,0
63,1
63,2
63,3
63,4
63,5
63,6
63,7
63,8
63,9
63,10
63,11
63,12
63,13
63,14
63,15
63,16
63,17
63,18
63,19
63,20
63,21
63,22
63,23
63,24
63,25
63,26
63,27
63,28
63,29
63,30
63,31
63,32
63,33
63,34
63,35
63,36
63,37
63,38
63,39
63,40
63,41
63,42
63,43
63,44
63,45
63,46
63,47
63,48
63,49
63,50
63,51
63,52
63,53
63,54
63,55
63,56
63,57
63,58
63,59
63,60
63,61
63,62
63,63
63,64
63,65
63,66
63,67
63,68
63,69
63,70
63,71
63,72
63,73
63,74
63,75
63,76
63,77
63,78
63,79
63,80
63,81
63,82
63,83
63,84
63,85
63,86
63,87
63,88
63,89
63,90
63,91
63,92
63,93
63,94
63,95
63,96
63,97
63,98
63,99
63,100
63,101
63,102
63,103
63,104
63,105
63,106
63,107
63,108
63,109
63,110
63,111
63,112
63,113
63,114
63,115
63,116
63,117
63,118
63,119
63,120
63,121
63,122
63,123
63,124
63,125
63,126
63,127
63,128
63,129
63,130
63,131
63,132
63,133
63,134
63,135
63,136
63,137
63,138
63,139
63,140
63,141
63,142
63,143
63,144
63,145
63,146
63,147
63,148
63,149
63,150
63,151
63,152
63,153
63,154
63,155
63,156
63,157
63,158
63,159
63,160
63,161
63,162
63,163
63,164
63,165
64,0
64,1
64,2
64,3
64,4
64,5
64,6
64,7
64,8
64,9
64,10
64,11
64,12
64,13
64,14
64,15
64,16
64,17
64,18
64,19
64,20
64,21
64,22
64,23
64,24
64,25
64,26
64,27
64,28
64,29
64,30
64,31
64,32
64,33
64,34
64,35
64,36
64,37
64,38
64,39
64,40
64,41
64,42
64,43
64,44
64,45
64,46
64,47
64,48
64,49
64,50
64,51
64,52
64,53
64,54
64,55
64,56
64,57
64,58
64,59
64,60
64,61
64,62
64,63
64,64
64,65
64,66
64,67
64,68
64,69
64,70
64,71
64,72
64,73
64,74
64,75
64,76
64,77
64,78
64,79
64,80
64,81
64,82
64,83
64,84
64,85
64,86
64,87
64,88
64,89
64,90
64,91
64,92
64,93
64,94
64,95
64,96
64,97
64,98
64,99
64,100
64,101
64,102
64,103
64,104
64,105
64,106
64,107
64,108
67,0
67,1
67,2
67,3
67,4
67,5
67,6
67,7
67,8
67,9
67,10
67,11
67,12
67,13
67,14
67,15
67,16
67,17
67,18
67,19
67,20
67,21
67,22
67,23
67,24
67,25
67,26
67,27
67,28
67,29
67,30
67,31
67,32
67,33
67,34
67,35
67,36
67,37
67,38
67,39
67,40
67,41
67,42
67,43
67,44
67,45
67,46
67,47
67,48
67,49
67,50
67,51
67,52
67,53
67,54
67,55
67,56
67,57
67,58
67,59
67,60
67,61
67,62
67,63
67,64
67,65
67,66
67,67
67,68
67,69
67,70
67,71
67,72
67,73
67,74
67,75
67,76
67,77
67,78
67,79
67,80
67,81
67,82
67,83
67,84
67,85
67,86
67,87
67,88
67,89
67,90
67,91
67,92
67,93
67,94
67,95
67,96
67,97
67,98
67,99
67,100
67,101
67,102
67,103
67,104
67,105
67,106
67,107
67,108
67,109
67,110
67,111
67,112
67,113
67,114
67,115
67,116
68,0
68,1
68,2
68,3
68,4
68,5
68,6
68,7
68,8
68,9
68,10
68,11
68,12
68,13
68,14
68,15
73,0
73,1
73,2
73,3
73,4
73,5
73,6
73,7
73,8
73,9
73,10
73,11
73,12
73,13
73,14
73,15
73,16
73,17
73,18
73,19
73,20
73,21
73,22
73,23
73,24
73,25
73,26
73,27
73,28
73,29
73,30
73,31
73,32
73,33
73,34
73,35
73,36
73,37
73,38
73,39
73,40
73,41
73,42
73,43
73,44
73,45
73,46
73,47
73,48
73,49
73,50
73,51
73,52
73,53
73,54
73,55
73,56
73,57
73,58
73,59
73,60
73,61
73,62
73,63
73,64
73,65
73,66
73,67
73,68
73,69
73,70
73,71
73,72
73,73
73,74
75,0
75,1
75,2
75,3
75,4
75,5
75,6
75,7
75,8
75,9
75,10
75,11
75,12
75,13
75,14
75,15
75,16
75,17
75,18
75,19
75,20
75,21
75,22
75,23
75,24
75,25
75,26
75,27
75,28
75,29
75,30
75,31
75,32
75,33
75,34
75,35
75,36
75,37
75,38
75,39
75,40
75,41
75,42
75,43
75,44
75,45
75,46
75,47
75,48
75,49
75,50
75,51
75,52
75,53
75,54
75,55
75,56
75,57
75,58
75,59
75,60
75,61
75,62
75,63
75,64
75,65
75,66
75,67
75,68
75,69
75,70
75,71
75,72
75,73
75,74
75,75
75,76
75,77
75,78
75,79
75,80
75,81
75,82
75,83
76,0
76,1
76,2
76,3
76,4
76,5
76,6
76,7
76,8
76,9
76,10
76,11
76,12
76,13
76,14
76,15
76,16
76,17
76,18
76,19
76,20
76,21
76,22
76,23
76,24
76,25
76,26
76,27
76,28
76,29
76,30
76,31
76,32
76,33
76,34
76,35
76,36
76,37
76,38
76,39
76,40
76,41
76,42
76,43
76,44
76,45
76,46
76,47
76,48
76,49
76,50
76,51
76,52
76,53
76,54
76,55
76,56
76,57
76,58
76,59
76,60
76,61
76,62
76,63
76,64
76,65
76,66
76,67
76,68
76,69
76,70
76,71
76,72
76,73
76,74
76,75
76,76
76,77
76,78
76,79
76,80
76,81
76,82
76,83
76,84
76,85
76,86
76,87
76,88
76,89
76,90
76,91
76,92
76,93
76,94
76,95
76,96
76,97
76,98
76,99
76,100
76,101
76,102
76,103
76,104
76,105
76,106
76,107
76,108
76,109
76,110
76,111
76,112
76,113
76,114
76,115
76,116
76,117
76,118
76,119
76,120
76,121
76,122
76,123
76,124
76,125
76,126
76,127
76,128
76,129
76,130
76,131
76,132
76,133
76,134
76,135
76,136
76,137
76,138
76,139
76,140
76,141
76,142
76,143
76,144
76,145
76,146
76,147
76,148
76,149
76,150
76,151
76,152
76,153
76,154
76,155
76,156
76,157
76,158
76,159
76,160
76,161
76,162
76,163
76,164
76,165
76,166
76,167
76,168
78,0
78,1
78,2
78,3
78,4
78,5
78,6
78,7
78,8
78,9
78,10
78,11
78,12
78,13
78,14
78,15
79,0
79,1
79,2
79,3
79,4
79,5
79,6
79,7
79,8
79,9
79,10
79,11
79,12
79,13
79,14
79,15
79,16
79,17
79,18
79,19
79,20
79,21
79,22
79,23
79,24
79,25
79,26
79,27
79,28
79,29
79,30
79,31
79,32
79,33
79,34
79,35
79,36
79,37
79,38
79,39
79,40
79,41
79,42
79,43
79,44
79,45
79,46
79,47
79,48
79,49
79,50
79,51
79,52
79,53
79,54
79,55
79,56
79,57
79,58
79,59
79,60
79,61
79,62
79,63
79,64
79,65
79,66
79,67
79,68
79,69
79,70
79,71
79,72
79,73
79,74
79,75
79,76
79,77
79,78
79,79
79,80
79,81
79,82
79,83
79,84
79,85
79,86
79,87
79,88
79,89
79,90
79,91
79,92
79,93
79,94
79,95
79,96
79,97
79,98
79,99
79,100
79,101
79,102
79,103
79,104
79,105
79,106
79,107
79,108
79,109
79,110
79,111
79,112
79,113
79,114
79,115
79,116
79,117
79,118
79,119
79,120
79,121
79,122
79,123
79,124
79,125
79,126
79,127
79,128
79,129
79,130
79,131
79,132
79,133
79,134
79,135
79,136
79,137
79,138
79,139
79,140
79,141
79,142
79,143
79,144
79,145
81,0
81,1
81,2
81,3
81,4
81,5
81,6
81,7
81,8
81,9
81,10
81,11
81,12
81,13
81,14
81,15
81,16
81,17
81,18
81,19
81,20
81,21
81,22
81,23
81,24
81,25
81,26
81,27
81,28
81,29
81,30
81,31
81,32
81,33
81,34
81,35
81,36
81,37
81,38
81,39
81,40
81,41
81,42
81,43
81,44
81,45
81,46
81,47
81,48
81,49
81,50
81,51
81,52
81,53
81,54
81,55
81,56
81,57
81,58
81,59
81,60
81,61
81,62
81,63
81,64
81,65
81,66
81,67
81,68
81,69
81,70
81,71
81,72
81,73
81,74
81,75
81,76
81,77
81,78
81,79
81,80
81,81
81,82
81,83
81,84
81,85
81,86
81,87
81,88
81,89
81,90
81,91
81,92
81,93
81,94
81,95
81,96
81,97
81,98
81,99
81,100
81,101
81,102
81,103
81,104
81,105
81,106
81,107
81,108
81,109
81,110
81,111
81,112
81,113
81,114
81,115
81,116
81,117
81,118
81,119
81,120
82,0
82,1
82,2
82,3
82,4
82,5
82,6
83,0
83,1
83,2
83,3
83,4
83,5
83,6
83,7
83,8
85,0
85,1
85,2
85,3
85,4
86,0
86,1
86,2
86,3
86,4
86,5
86,6
86,7
86,8
86,9
86,10
86,11
86,12
86,13
86,14
86,15
86,16
86,17
86,18
86,19
86,20
86,21
86,22
86,23
86,24
86,25
86,26
89,0
89,1
89,2
89,3
89,4
89,5
89,6
89,7
89,8
89,9
89,10
89,11
89,12
89,13
89,14
89,15
89,16
89,17
89,18
89,19
89,20
89,21
89,22
89,23
89,24
89,25
89,26
89,27
89,28
89,29
89,30
89,31
89,32
89,33
89,34
89,35
89,36
89,37
89,38
89,39
89,40
89,41
89,42
89,43
89,44
89,45
89,46
89,47
89,48
89,49
89,50
89,51
89,52
89,53
89,54
89,55
89,56
89,57
89,58
89,59
89,60
89,61
89,62
89,63
89,64
89,65
89,66
89,67
89,68
89,69
89,70
89,71
89,72
89,73
89,74
89,75
89,76
89,77
89,78
89,79
89,80
89,81
89,82
89,83
89,84
89,85
89,86
89,87
89,88
89,89
89,90
89,91
89,92
89,93
89,94
89,95
89,96
89,97
89,98
89,99
89,100
89,101
89,102
89,103
89,104
89,105
89,106
89,107
89,108
89,109
89,110
89,111
89,112
89,113
89,114
89,115
89,116
89,117
89,118
89,119
89,120
89,121
89,122
89,123
89,124
89,125
89,126
89,127
89,128
89,129
89,130
89,131
89,132
89,133
89,134
89,135
89,136
89,137
89,138
89,139
89,140
89,141
89,142
89,143
89,144
89,145
89,146
89,147
89,148
89,149
89,150
89,151
89,152
89,153
89,154
90,0
90,1
90,2
90,3
90,4
90,5
90,6
90,7
90,8
90,9
90,10
90,11
90,12
90,13
90,14
90,15
90,16
90,17
90,18
90,19
90,20
90,21
90,22
90,23
90,24
90,25
90,26
90,27
90,28
90,29
90,30
90,31
90,32
90,33
90,34
90,35
90,36
90,37
90,38
90,39
90,40
90,41
90,42
90,43
90,44
90,45
90,46
90,47
90,48
90,49
90,50
90,51
90,52
90,53
90,54
90,55
90,56
90,57
90,58
90,59
90,60
90,61
90,62
90,63
90,64
90,65
90,66
90,67
90,68
90,69
90,70
90,71
90,72
90,73
90,74
90,75
90,76
90,77
90,78
90,79
90,80
90,81
90,82
90,83
90,84
90,85
90,86
90,87
90,88
90,89
90,90
90,91
90,92
90,93
90,94
90,95
90,96
90,97
90,98
90,99
90,100
90,101
90,102
90,103
90,104
90,105
90,106
90,107
90,108
90,109
90,110
90,111
90,112
90,113
90,114
90,115
90,116
90,117
90,118
90,119
90,120
90,121
90,122
90,123
90,124
90,125
90,126
90,127
90,128
90,129
90,130
90,131
90,132
90,133
90,134
90,135
90,136
90,137
90,138
90,139
90,140
90,141
90,142
90,143
90,144
90,145
90,146
90,147
90,148
90,149
90,150
90,151
90,152
90,153
90,154
90,155
90,156
90,157
90,158
90,159
90,160
90,161
90,162
90,163
90,164
90,165
90,166
90,167
90,168
91,0
91,1
91,2
91,3
91,4
91,5
91,6
91,7
91,8
91,9
91,10
91,11
91,12
91,13
91,14
91,15
91,16
91,17
91,18
91,19
91,20
91,21
91,22
91,23
91,24
91,25
91,26
91,27
91,28
91,29
91,30
91,31
91,32
91,33
91,34
91,35
91,36
91,37
91,38
91,39
91,40
91,41
91,42
91,43
91,44
91,45
91,46
91,47
91,48
91,49
91,50
91,51
91,52
91,53
91,54
91,55
91,56
91,57
91,58
91,59
91,60
91,61
91,62
91,63
91,64
91,65
91,66
91,67
91,68
91,69
91,70
91,71
91,72
91,73
91,74
91,75
91,76
91,77
91,78
91,79
91,80
91,81
91,82
91,83
91,84
91,85
91,86
91,87
91,88
91,89
91,90
91,91
91,92
91,93
91,94
91,95
91,96
91,97
91,98
91,99
91,100
91,101
91,102
91,103
91,104
91,105
91,106
91,107
91,108
91,109
91,110
91,111
91,112
91,113
91,114
91,115
91,116
91,117
91,118
91,119
91,120
91,121
91,122
91,123
91,124
91,125
91,126
91,127
91,128
91,129
91,130
91,131
91,132
91,133
91,134
91,135
91,136
91,137
91,138
91,139
91,140
91,141
91,142
91,143
91,144
91,145
91,146
91,147
91,148
91,149
91,150
91,151
91,152
91,153
91,154
91,155
91,156
91,157
91,158
91,159
91,160
91,161
91,162
91,163
91,164
91,165
91,166
91,167
91,168
92,0
92,1
92,2
92,3
92,4
92,5
92,6
92,7
92,8
92,9
92,10
92,11
92,12
92,13
92,14
92,15
92,16
92,17
92,18
92,19
92,20
92,21
92,22
92,23
92,24
92,25
92,26
92,27
92,28
92,29
92,30
92,31
92,32
92,33
92,34
92,35
92,36
92,37
92,38
92,39
92,40
92,41
92,42
92,43
92,44
92,45
92,46
92,47
92,48
92,49
92,50
92,51
92,52
92,53
92,54
92,55
92,56
92,57
92,58
92,59
92,60
92,61
92,62
92,63
92,64
92,65
92,66
92,67
92,68
92,69
92,70
92,71
92,72
92,73
92,74
92,75
92,76
92,77
92,78
92,79
92,80
92,81
92,82
92,83
92,84
92,85
92,86
92,87
92,88
92,89
92,90
92,91
92,92
92,93
92,94
92,95
92,96
92,97
92,98
92,99
92,100
92,101
92,102
92,103
92,104
92,105
92,106
92,107
92,108
92,109
92,110
92,111
92,112
92,113
92,114
92,115
92,116
92,117
92,118
92,119
92,120
92,121
92,122
92,123
92,124
92,125
92,126
92,127
92,128
92,129
92,130
92,131
92,132
92,133
92,134
92,135
92,136
92,137
92,138
92,139
92,140
92,141
92,142
92,143
92,144
92,145
92,146
92,147
92,148
92,149
92,150
92,151
92,152
92,153
92,154
92,155
92,156
92,157
92,158
92,159
92,160
92,161
92,162
92,163
92,164
92,165
92,166
92,167
92,168
92,169
93,0
93,1
93,2
93,3
93,4
93,5
93,6
93,7
93,8
93,9
93,10
93,11
93,12
93,13
93,14
93,15
93,16
93,17
93,18
93,19
93,20
93,21
93,22
93,23
93,24
93,25
93,26
93,27
93,28
93,29
93,30
93,31
93,32
93,33
93,34
93,35
93,36
93,37
93,38
93,39
93,40
93,41
93,42
93,43
93,44
93,45
93,46
93,47
93,48
93,49
93,50
93,51
93,52
93,53
93,54
93,55
93,56
93,57
93,58
93,59
93,60
93,61
93,62
93,63
93,64
93,65
93,66
93,67
93,68
93,69
93,70
93,71
93,72
93,73
93,74
93,75
93,76
93,77
93,78
93,79
93,80
93,81
93,82
93,83
93,84
93,85
93,86
93,87
93,88
93,89
93,90
93,91
93,92
93,93
93,94
93,95
93,96
93,97
93,98
93,99
93,100
93,101
93,102
93,103
93,104
93,105
93,106
93,107
93,108
93,109
93,110
93,111
93,112
93,113
93,114
93,115
93,116
93,117
93,118
93,119
93,120
93,121
93,122
93,123
93,124
93,125
93,126
93,127
93,128
93,129
93,130
93,131
93,132
93,133
93,134
93,135
93,136
93,137
93,138
93,139
93,140
93,141
93,142
93,143
93,144
93,145
93,146
93,147
93,148
93,149
93,150
93,151
93,152
93,153
93,154
93,155
93,156
93,157
93,158
93,159
93,160
93,161
93,162
93,163
93,164
93,165
93,166
93,167
93,168
93,169
94,0
94,1
94,2
94,3
94,4
94,5
94,6
94,7
94,8
94,9
94,10
94,11
94,12
94,13
94,14
94,15
94,16
94,17
94,18
94,19
94,20
94,21
94,22
94,23
94,24
94,25
94,26
94,27
94,28
94,29
94,30
94,31
94,32
94,33
94,34
94,35
94,36
94,37
94,38
94,39
94,40
94,41
94,42
94,43
94,44
94,45
94,46
94,47
94,48
94,49
94,50
94,51
94,52
94,53
94,54
94,55
94,56
94,57
94,58
94,59
94,60
94,61
94,62
94,63
94,64
94,65
94,66
94,67
94,68
94,69
94,70
94,71
94,72
94,73
94,74
94,75
94,76
94,77
94,78
94,79
94,80
94,81
94,82
94,83
94,84
94,85
94,86
94,87
94,88
94,89
94,90
94,91
94,92
94,93
94,94
94,95
94,96
94,97
94,98
94,99
94,100
94,101
94,102
94,103
94,104
94,105
94,106
94,107
94,108
94,109
94,110
94,111
94,112
94,113
94,114
94,115
94,116
94,117
94,118
94,119
94,120
94,121
94,122
94,123
94,124
94,125
94,126
94,127
94,128
94,129
94,130
94,131
94,132
94,133
94,134
94,135
94,136
94,137
94,138
94,139
94,140
94,141
94,142
94,143
94,144
94,145
94,146
94,147
94,148
94,149
94,150
94,151
94,152
94,153
94,154
94,155
94,156
94,157
94,158
94,159
94,160
94,161
94,162
94,163
94,164
94,165
94,166
94,167
94,168
94,169
95,0
95,1
95,2
95,3
95,4
95,5
95,6
95,7
95,8
95,9
95,10
95,11
95,12
95,13
95,14
95,15
95,16
95,17
95,18
95,19
95,20
95,21
95,22
95,23
95,24
96,0
96,1
96,2
96,3
96,4
96,5
96,6
96,7
96,8
96,9
96,10
96,11
96,12
96,13
96,14
96,15
96,16
96,17
96,18
96,19
96,20
96,21
96,22
96,23
96,24
96,25
96,26
96,27
96,28
96,29
96,30
96,31
96,32
96,33
96,34
96,35
96,36
96,37
96,38
97,0
97,1
97,2
97,3
97,4
97,5
97,6
97,7
97,8
97,9
97,10
97,11
97,12
97,13
97,14
97,15
97,16
97,17
97,18
97,19
97,20
97,21
97,22
97,23
97,24
97,25
97,26
97,27
97,28
97,29
97,30
97,31
97,32
97,33
97,34
97,35
97,36
97,37
99,0
99,1
99,2
99,3
99,4
99,5
99,6
99,7
99,8
99,9
99,10
99,11
99,12
99,13
99,14
99,15
99,16
99,17
99,18
99,19
99,20
99,21
99,22
99,23
99,24
99,25
99,26
99,27
99,28
99,29
99,30
99,31
99,32
99,33
99,34
99,35
99,36
99,37
99,38
99,39
99,40
99,41
99,42
99,43
99,44
99,45
99,46
99,47
99,48
99,49
99,50
99,51
99,52
99,53
99,54
99,55
99,56
99,57
99,58
99,59
99,60
99,61
99,62
99,63
99,64
99,65
99,66
99,67
99,68
99,69
99,70
99,71
99,72
99,73
99,74
99,75
99,76
99,77
99,78
99,79
99,80
99,81
99,82
99,83
99,84
99,85
99,86
99,87
99,88
99,89
99,90
99,91
99,92
99,93
99,94
99,95
99,96
99,97
99,98
99,99
99,100
99,101
99,102
99,103
99,104
99,105
99,106
99,107
99,108
99,109
99,110
99,111
99,112
99,113
99,114
99,115
99,116
99,117
99,118
99,119
99,120
99,121
99,122
99,123
99,124
99,125
99,126
99,127
99,128
99,129
99,130
99,131
99,132
99,133
99,134
99,135
99,136
99,137
99,138
99,139
99,140
99,141
99,142
99,143
99,144
99,145
99,146
100,0
100,1
100,2
100,3
100,4
100,5
100,6
100,7
100,8
100,9
100,10
100,11
100,12
100,13
100,14
100,15
100,16
100,17
100,18
100,19
100,20
100,21
100,22
100,23
100,24
100,25
100,26
100,27
100,28
100,29
100,30
100,31
100,32
100,33
100,34
100,35
100,36
100,37
100,38
100,39
100,40
100,41
100,42
100,43
100,44
100,45
100,46
100,47
100,48
100,49
100,50
100,51
100,52
100,53
100,54
100,55
100,56
100,57
100,58
100,59
100,60
100,61
100,62
100,63
100,64
100,65
100,66
100,67
100,68
100,69
100,70
100,71
100,72
100,73
100,74
100,75
100,76
100,77
100,78
100,79
100,80
100,81
100,82
100,83
100,84
100,85
100,86
100,87
100,88
100,89
100,90
100,91
100,92
100,93
100,94
100,95
100,96
100,97
100,98
100,99
100,100
100,101
100,102
100,103
100,104
100,105
100,106
100,107
100,108
100,109
100,110
100,111
100,112
100,113
100,114
100,115
100,116
100,117
100,118
100,119
100,120
100,121
100,122
100,123
100,124
100,125
100,126
100,127
100,128
100,129
100,130
100,131
100,132
100,133
100,134
100,135
100,136
100,137
100,138
100,139
100,140
100,141
100,142
100,143
100,144
100,145
100,146
100,147
100,148
100,149
100,150
100,151
100,152
100,153
100,154
100,155
100,156
100,157
100,158
100,159
100,160
100,161
100,162
100,163
100,164
100,165
100,166
100,167
100,168
100,169
101,0
101,1
101,2
101,3
101,4
101,5
101,6
101,7
101,8
101,9
101,10
101,11
101,12
101,13
101,14
101,15
101,16
101,17
101,18
101,19
101,20
101,21
101,22
101,23
101,24
101,25
101,26
101,27
101,28
101,29
101,30
101,31
101,32
101,33
101,34
101,35
101,36
101,37
101,38
101,39
101,40
101,41
101,42
101,43
101,44
101,45
101,46
101,47
101,48
101,49
101,50
101,51
101,52
101,53
101,54
101,55
101,56
101,57
101,58
101,59
101,60
101,61
101,62
101,63
101,64
101,65
101,66
101,67
101,68
101,69
101,70
101,71
101,72
101,73
101,74
101,75
101,76
101,77
101,78
101,79
101,80
101,81
101,82
101,83
101,84
101,85
101,86
101,87
101,88
101,89
101,90
101,91
101,92
101,93
101,94
101,95
101,96
101,97
101,98
101,99
101,100
101,101
101,102
101,103
101,104
101,105
101,106
101,107
101,108
101,109
101,110
101,111
101,112
101,113
101,114
101,115
101,116
101,117
101,118
101,119
101,120
101,121
101,122
101,123
101,124
101,125
101,126
101,127
101,128
101,129
101,130
101,131
101,132
101,133
101,134
101,135
101,136
101,137
101,138
101,139
101,140
101,141
101,142
101,143
101,144
101,145
101,146
101,147
101,148
101,149
101,150
101,151
101,152
101,153
101,154
101,155
101,156
101,157
101,158
101,159
101,160
101,161
101,162
101,163
101,164
101,165
101,166
101,167
101,168
101,169
102,0
102,1
102,2
102,3
102,4
102,5
102,6
102,7
102,8
102,9
102,10
102,11
102,12
102,13
102,14
102,15
102,16
102,17
102,18
102,19
102,20
102,21
102,22
102,23
102,24
102,25
102,26
102,27
102,28
102,29
102,30
102,31
102,32
102,33
102,34
102,35
102,36
102,37
102,38
102,39
102,40
102,41
102,42
102,43
102,44
102,45
102,46
102,47
102,48
102,49
102,50
102,51
102,52
102,53
102,54
102,55
102,56
102,57
102,58
102,59
102,60
102,61
102,62
102,63
102,64
102,65
102,66
102,67
102,68
102,69
102,70
102,71
102,72
102,73
102,74
102,75
102,76
102,77
102,78
102,79
102,80
102,81
102,82
102,83
102,84
102,85
102,86
102,87
102,88
102,89
102,90
102,91
102,92
102,93
102,94
102,95
102,96
102,97
102,98
102,99
102,100
102,101
102,102
102,103
102,104
102,105
102,106
102,107
102,108
102,109
102,110
102,111
102,112
102,113
102,114
102,115
102,116
102,117
102,118
102,119
102,120
102,121
102,122
102,123
102,124
102,125
102,126
102,127
102,128
102,129
102,130
102,131
102,132
102,133
102,134
102,135
102,136
102,137
102,138
102,139
102,140
102,141
102,142
102,143
102,144
102,145
102,146
102,147
102,148
102,149
102,150
102,151
102,152
102,153
102,154
102,155
102,156
102,157
102,158
102,159
102,160
102,161
102,162
102,163
102,164
102,165
102,166
102,167
102,168
102,169
103,0
103,1
103,2
103,3
103,4
103,5
103,6
103,7
103,8
103,9
103,10
103,11
103,12
103,13
103,14
103,15
103,16
103,17
103,18
103,19
103,20
103,21
103,22
103,23
103,24
103,25
103,26
103,27
103,28
103,29
103,30
103,31
103,32
103,33
103,34
103,35
103,36
103,37
103,38
103,39
103,40
103,41
103,42
103,43
103,44
103,45
103,46
103,47
103,48
103,49
103,50
103,51
103,52
103,53
103,54
103,55
103,56
103,57
103,58
103,59
103,60
103,61
103,62
103,63
103,64
103,65
103,66
103,67
103,68
103,69
103,70
103,71
103,72
103,73
103,74
103,75
103,76
103,77
103,78
103,79
103,80
103,81
103,82
103,83
103,84
103,85
103,86
103,87
103,88
103,89
103,90
103,91
103,92
103,93
103,94
103,95
103,96
103,97
103,98
103,99
103,100
103,101
103,102
103,103
103,104
103,105
103,106
103,107
103,108
103,109
103,110
103,111
103,112
103,113
103,114
103,115
103,116
103,117
103,118
103,119
103,120
103,121
103,122
103,123
103,124
103,125
103,126
103,127
103,128
103,129
103,130
103,131
103,132
103,133
103,134
103,135
103,136
103,137
103,138
103,139
103,140
103,141
103,142
103,143
103,144
103,145
103,146
103,147
103,148
103,149
103,150
103,151
103,152
103,153
103,154
103,155
103,156
103,157
103,158
103,159
103,160
103,161
103,162
103,163
103,164
103,165
103,166
103,167
103,168
103,169
106,0
106,1
106,2
106,3
106,4
106,5
106,6
106,7
106,8
106,9
106,10
106,11
106,12
106,13
106,14
106,15
106,16
106,17
106,18
106,19
106,20
106,21
106,22
106,23
106,24
106,25
106,26
106,27
106,28
106,29
106,30
106,31
106,32
106,33
106,34
106,35
106,36
106,37
106,38
106,39
106,40
106,41
106,42
106,43
106,44
106,45
106,46
106,47
106,48
106,49
106,50
106,51
106,52
106,53
106,54
106,55
106,56
106,57
106,58
106,59
106,60
106,61
106,62
106,63
106,64
106,65
106,66
106,67
106,68
106,69
106,70
106,71
106,72
106,73
106,74
106,75
106,76
106,77
106,78
106,79
106,80
106,81
106,82
106,83
106,84
106,85
106,86
106,87
106,88
106,89
106,90
106,91
106,92
106,93
106,94
106,95
106,96
106,97
106,98
106,99
106,100
106,101
106,102
106,103
106,104
106,105
106,106
106,107
106,108
106,109
106,110
106,111
106,112
106,113
106,114
106,115
106,116
106,117
106,118
106,119
106,120
106,121
106,122
106,123
106,124
106,125
106,126
106,127
106,128
106,129
106,130
106,131
106,132
106,133
106,134
106,135
106,136
106,137
106,138
106,139
106,140
106,141
106,142
106,143
106,144
106,145
106,146
106,147
106,148
106,149
106,150
106,151
106,152
106,153
106,154
106,155
106,156
106,157
106,158
106,159
106,160
106,161
106,162
106,163
106,164
106,165
106,166
106,167
106,168
107,0
107,1
107,2
107,3
107,4
107,5
107,6
107,7
107,8
107,9
107,10
107,11
107,12
107,13
107,14
107,15
107,16
107,17
107,18
107,19
107,20
107,21
107,22
107,23
107,24
107,25
107,26
107,27
107,28
107,29
107,30
107,31
107,32
107,33
107,34
107,35
107,36
107,37
107,38
107,39
107,40
107,41
107,42
107,43
107,44
107,45
107,46
107,47
107,48
107,49
107,50
107,51
107,52
107,53
107,54
107,55
107,56
107,57
107,58
107,59
107,60
107,61
107,62
107,63
107,64
107,65
107,66
107,67
107,68
107,69
107,70
107,71
107,72
107,73
107,74
107,75
107,76
107,77
107,78
107,79
107,80
107,81
107,82
107,83
107,84
107,85
107,86
107,87
107,88
107,89
107,90
107,91
107,92
107,93
107,94
107,95
107,96
107,97
107,98
107,99
107,100
107,101
107,102
107,103
107,104
107,105
107,106
107,107
107,108
107,109
107,110
107,111
107,112
107,113
107,114
107,115
107,116
107,117
107,118
107,119
107,120
107,121
107,122
107,123
107,124
107,125
107,126
107,127
107,128
107,129
107,130
107,131
107,132
107,133
107,134
107,135
107,136
107,137
107,138
107,139
107,140
107,141
107,142
107,143
107,144
107,145
107,146
107,147
107,148
107,149
107,150
107,151
107,152
107,153
107,154
107,155
107,156
107,157
107,158
107,159
107,160
107,161
107,162
107,163
107,164
107,165
107,166
107,167
107,168
108,0
108,1
108,2
108,3
108,4
108,5
108,6
108,7
108,8
108,9
108,10
108,11
108,12
108,13
108,14
108,15
108,16
108,17
108,18
108,19
108,20
108,21
108,22
108,23
108,24
108,25
108,26
108,27
108,28
108,29
108,30
108,31
108,32
108,33
108,34
108,35
108,36
108,37
108,38
108,39
108,40
108,41
108,42
108,43
108,44
108,45
108,46
108,47
108,48
108,49
108,50
108,51
108,52
108,53
108,54
108,55
108,56
108,57
108,58
108,59
108,60
108,61
108,62
108,63
108,64
108,65
108,66
108,67
108,68
108,69
108,70
108,71
108,72
108,73
108,74
108,75
108,76
108,77
108,78
108,79
108,80
108,81
108,82
108,83
108,84
109,0
109,1
109,2
109,3
109,4
109,5
109,6
109,7
109,8
109,9
109,10
109,11
109,12
109,13
109,14
109,15
109,16
109,17
109,18
109,19
109,20
109,21
109,22
109,23
109,24
109,25
109,26
109,27
109,28
109,29
109,30
109,31
109,32
109,33
109,34
109,35
109,36
109,37
109,38
109,39
109,40
109,41
109,42
109,43
109,44
109,45
109,46
109,47
109,48
109,49
109,50
109,51
109,52
109,53
109,54
109,55
109,56
109,57
109,58
109,59
109,60
109,61
109,62
109,63
109,64
109,65
109,66
109,67
109,68
109,69
109,70
109,71
109,72
109,73
109,74
109,75
109,76
109,77
109,78
109,79
109,80
109,81
109,82
109,83
109,84
109,85
109,86
109,87
109,88
109,89
109,90
109,91
109,92
109,93
109,94
109,95
109,96
109,97
109,98
109,99
109,100
109,101
109,102
109,103
109,104
109,105
109,106
109,107
109,108
109,109
109,110
109,111
109,112
109,113
109,114
109,115
109,116
109,117
109,118
109,119
109,120
109,121
109,122
109,123
109,124
109,125
109,126
109,127
109,128
109,129
109,130
109,131
109,132
109,133
109,134
109,135
109,136
109,137
109,138
109,139
109,140
109,141
109,142
109,143
109,144
109,145
109,146
109,147
109,148
109,149
109,150
109,151
109,152
109,153
109,154
110,0
110,1
110,2
110,3
110,4
110,5
110,6
110,7
110,8
110,9
110,10
110,11
110,12
110,13
110,14
110,15
110,16
110,17
110,18
110,19
110,20
110,21
110,22
110,23
110,24
110,25
110,26
110,27
110,28
110,29
110,30
110,31
110,32
110,33
110,34
110,35
110,36
110,37
110,38
110,39
110,40
110,41
110,42
110,43
110,44
110,45
110,46
110,47
110,48
110,49
110,50
110,51
110,52
110,53
110,54
110,55
110,56
110,57
110,58
110,59
110,60
110,61
110,62
110,63
110,64
110,65
110,66
110,67
110,68
110,69
110,70
110,71
110,72
110,73
110,74
110,75
110,76
110,77
110,78
110,79
110,80
110,81
110,82
110,83
110,84
110,85
110,86
110,87
110,88
110,89
110,90
110,91
110,92
110,93
110,94
110,95
110,96
110,97
110,98
110,99
110,100
110,101
110,102
110,103
110,104
110,105
110,106
110,107
110,108
110,109
110,110
110,111
110,112
110,113
110,114
110,115
110,116
110,117
110,118
110,119
110,120
110,121
110,122
110,123
110,124
110,125
110,126
110,127
110,128
110,129
110,130
110,131
110,132
110,133
110,134
110,135
110,136
110,137
110,138
110,139
110,140
110,141
110,142
110,143
110,144
110,145
110,146
110,147
110,148
110,149
110,150
110,151
110,152
110,153
110,154
110,155
110,156
110,157
110,158
110,159
110,160
110,161
110,162
110,163
110,164
110,165
110,166
110,167
110,168
111,0
111,1
111,2
111,3
111,4
111,5
111,6
111,7
111,8
111,9
111,10
111,11
111,12
111,13
111,14
111,15
111,16
111,17
111,18
111,19
111,20
111,21
111,22
111,23
111,24
111,25
111,26
111,27
111,28
111,29
111,30
111,31
111,32
111,33
111,34
111,35
111,36
111,37
111,38
111,39
111,40
111,41
111,42
111,43
111,44
111,45
111,46
111,47
111,48
111,49
111,50
111,51
111,52
111,53
111,54
111,55
111,56
111,57
111,58
111,59
111,60
111,61
111,62
111,63
111,64
111,65
111,66
111,67
111,68
111,69
111,70
111,71
111,72
111,73
111,74
111,75
111,76
111,77
111,78
111,79
111,80
111,81
111,82
111,83
111,84
111,85
111,86
111,87
111,88
111,89
111,90
111,91
111,92
111,93
111,94
111,95
111,96
111,97
111,98
111,99
111,100
111,101
111,102
111,103
111,104
111,105
111,106
111,107
111,108
111,109
111,110
111,111
111,112
111,113
111,114
111,115
111,116
111,117
111,118
111,119
111,120
111,121
111,122
111,123
111,124
111,125
111,126
111,127
111,128
111,129
111,130
111,131
111,132
111,133
111,134
111,135
111,136
111,137
111,138
111,139
111,140
111,141
111,142
111,143
111,144
111,145
111,146
111,147
111,148
111,149
111,150
111,151
111,152
111,153
111,154
111,155
111,156
111,157
111,158
111,159
111,160
111,161
111,162
111,163
111,164
111,165
111,166
111,167
111,168
112,0
112,1
113,0
113,1
113,2
113,3
113,4
113,5
113,6
113,7
113,8
113,9
113,10
113,11
113,12
113,13
113,14
113,15
113,16
113,17
113,18
113,19
113,20
113,21
113,22
113,23
113,24
113,25
113,26
113,27
113,28
113,29
113,30
113,31
113,32
113,33
113,34
113,35
113,36
113,37
113,38
113,39
113,40
113,41
113,42
113,43
113,44
113,45
113,46
113,47
113,48
113,49
113,50
113,51
113,52
113,53
113,54
113,55
113,56
113,57
113,58
113,59
113,60
113,61
113,62
113,63
113,64
113,65
113,66
113,67
113,68
113,69
113,70
113,71
113,72
113,73
113,74
113,75
113,76
113,77
113,78
113,79
113,80
113,81
113,82
113,83
113,84
113,85
113,86
113,87
113,88
113,89
113,90
113,91
113,92
113,93
113,94
113,95
113,96
113,97
113,98
113,99
113,100
113,101
113,102
113,103
113,104
113,105
113,106
113,107
113,108
113,109
113,110
113,111
113,112
113,113
113,114
113,115
113,116
113,117
113,118
113,119
113,120
113,121
113,122
113,123
113,124
113,125
113,126
113,127
113,128
113,129
113,130
113,131
113,132
113,133
113,134
113,135
113,136
113,137
114,0
114,1
114,2
114,3
114,4
114,5
114,6
114,7
114,8
114,9
114,10
114,11
114,12
114,13
114,14
114,15
114,16
114,17
114,18
114,19
114,20
114,21
114,22
114,23
114,24
114,25
114,26
114,27
114,28
114,29
114,30
114,31
114,32
114,33
114,34
114,35
114,36
114,37
114,38
114,39
114,40
114,41
114,42
114,43
114,44
114,45
114,46
114,47
114,48
114,49
114,50
114,51
114,52
114,53
114,54
114,55
114,56
114,57
114,58
114,59
114,60
114,61
114,62
114,63
114,64
114,65
114,66
114,67
114,68
114,69
114,70
114,71
114,72
114,73
114,74
114,75
114,76
114,77
114,78
114,79
114,80
114,81
114,82
114,83
114,84
114,85
114,86
114,87
114,88
114,89
114,90
114,91
114,92
114,93
114,94
114,95
114,96
114,97
114,98
114,99
114,100
114,101
114,102
114,103
114,104
114,105
114,106
114,107
114,108
114,109
114,110
114,111
114,112
114,113
114,114
114,115
114,116
114,117
114,118
114,119
114,120
114,121
114,122
114,123
114,124
114,125
114,126
114,127
114,128
114,129
114,130
114,131
114,132
114,133
114,134
114,135
114,136
114,137
114,138
114,139
114,140
114,141
114,142
114,143
114,144
114,145
114,146
114,147
114,148
114,149
114,150
114,151
114,152
114,153
114,154
114,155
114,156
114,157
114,158
114,159
114,160
114,161
114,162
114,163
114,164
114,165
114,166
114,167
114,168
115,0
115,1
115,2
115,3
115,4
115,5
115,6
115,7
115,8
115,9
115,10
115,11
115,12
115,13
115,14
115,15
115,16
115,17
115,18
115,19
115,20
115,21
115,22
115,23
115,24
115,25
115,26
115,27
115,28
115,29
115,30
115,31
115,32
115,33
115,34
115,35
115,36
115,37
115,38
115,39
115,40
115,41
115,42
115,43
115,44
115,45
115,46
115,47
115,48
115,49
115,50
115,51
115,52
115,53
115,54
115,55
115,56
115,57
115,58
115,59
115,60
115,61
115,62
115,63
115,64
115,65
115,66
115,67
115,68
115,69
115,70
115,71
115,72
115,73
115,74
115,75
115,76
115,77
115,78
115,79
115,80
115,81
115,82
115,83
115,84
115,85
115,86
115,87
115,88
115,89
115,90
115,91
115,92
115,93
115,94
115,95
115,96
115,97
115,98
115,99
115,100
115,101
115,102
115,103
115,104
115,105
115,106
115,107
115,108
115,109
115,110
115,111
115,112
115,113
115,114
115,115
115,116
115,117
115,118
115,119
115,120
115,121
115,122
115,123
115,124
115,125
115,126
115,127
115,128
115,129
115,130
115,131
115,132
115,133
115,134
115,135
115,136
115,137
115,138
115,139
115,140
115,141
115,142
115,143
115,144
115,145
115,146
115,147
115,148
115,149
115,150
115,151
115,152
115,153
115,154
115,155
115,156
115,157
115,158
115,159
115,160
115,161
115,162
115,163
115,164
116,0
116,1
116,2
116,3
116,4
116,5
116,6
116,7
116,8
116,9
116,10
116,11
116,12
116,13
116,14
116,15
116,16
116,17
116,18
116,19
116,20
116,21
116,22
116,23
116,24
116,25
116,26
116,27
116,28
116,29
116,30
116,31
116,32
116,33
116,34
116,35
116,36
116,37
116,38
116,39
116,40
116,41
116,42
116,43
116,44
116,45
116,46
116,47
116,48
116,49
116,50
116,51
116,52
116,53
116,54
116,55
116,56
116,57
116,58
116,59
116,60
116,61
116,62
116,63
116,64
116,65
116,66
116,67
116,68
116,69
116,70
116,71
116,72
116,73
116,74
116,75
116,76
116,77
116,78
116,79
116,80
116,81
116,82
116,83
116,84
116,85
116,86
116,87
116,88
116,89
116,90
116,91
116,92
116,93
116,94
116,95
116,96
116,97
116,98
116,99
116,100
116,101
116,102
116,103
116,104
116,105
116,106
116,107
116,108
116,109
116,110
116,111
116,112
116,113
116,114
116,115
116,116
116,117
116,118
116,119
116,120
116,121
116,122
116,123
116,124
116,125
116,126
116,127
116,128
116,129
116,130
116,131
116,132
116,133
116,134
116,135
116,136
116,137
116,138
116,139
116,140
116,141
116,142
116,143
116,144
116,145
116,146
116,147
116,148
116,149
116,150
116,151
116,152
116,153
116,154
116,155
116,156
116,157
116,158
116,159
116,160
116,161
116,162
116,163
116,164
116,165
116,166
116,167
116,168
117,0
117,1
117,2
117,3
117,4
117,5
117,6
117,7
117,8
117,9
117,10
117,11
117,12
117,13
117,14
117,15
117,16
117,17
117,18
117,19
117,20
117,21
117,22
117,23
117,24
117,25
117,26
117,27
117,28
117,29
117,30
117,31
117,32
117,33
117,34
117,35
117,36
117,37
117,38
117,39
117,40
117,41
117,42
117,43
117,44
117,45
117,46
117,47
117,48
117,49
117,50
117,51
117,52
117,53
117,54
117,55
117,56
117,57
117,58
117,59
117,60
117,61
117,62
117,63
117,64
117,65
117,66
117,67
117,68
117,69
117,70
117,71
117,72
117,73
117,74
117,75
117,76
117,77
117,78
117,79
117,80
117,81
117,82
117,83
117,84
117,85
117,86
117,87
117,88
117,89
117,90
117,91
117,92
117,93
117,94
117,95
117,96
117,97
117,98
117,99
117,100
117,101
117,102
117,103
117,104
117,105
117,106
117,107
117,108
117,109
117,110
117,111
117,112
117,113
117,114
117,115
117,116
117,117
117,118
117,119
117,120
117,121
117,122
117,123
117,124
117,125
117,126
117,127
117,128
117,129
117,130
117,131
117,132
117,133
117,134
117,135
117,136
117,137
117,138
117,139
117,140
117,141
117,142
117,143
117,144
117,145
117,146
117,147
117,148
117,149
117,150
117,151
117,152
117,153
117,154
117,155
117,156
117,157
117,158
117,159
117,160
117,161
117,162
117,163
117,164
117,165
117,166
117,167
117,168
118,0
118,1
118,2
118,3
118,4
118,5
118,6
118,7
118,8
118,9
118,10
118,11
118,12
118,13
118,14
118,15
118,16
118,17
118,18
118,19
118,20
118,21
118,22
118,23
118,24
118,25
118,26
118,27
118,28
118,29
118,30
118,31
118,32
118,33
118,34
118,35
118,36
118,37
118,38
118,39
118,40
118,41
118,42
118,43
118,44
118,45
118,46
118,47
118,48
118,49
118,50
118,51
118,52
118,53
118,54
118,55
118,56
118,57
118,58
118,59
118,60
118,61
118,62
118,63
118,64
118,65
118,66
118,67
118,68
118,69
118,70
118,71
118,72
118,73
118,74
118,75
118,76
118,77
118,78
118,79
118,80
118,81
118,82
118,83
118,84
118,85
118,86
118,87
118,88
118,89
118,90
118,91
118,92
118,93
118,94
118,95
118,96
118,97
118,98
118,99
118,100
118,101
118,102
118,103
118,104
118,105
118,106
118,107
118,108
118,109
118,110
118,111
118,112
118,113
118,114
118,115
118,116
118,117
118,118
118,119
118,120
118,121
118,122
118,123
118,124
118,125
118,126
118,127
118,128
118,129
118,130
118,131
118,132
118,133
118,134
118,135
118,136
118,137
118,138
118,139
118,140
118,141
118,142
118,143
118,144
118,145
118,146
118,147
118,148
118,149
118,150
118,151
118,152
118,153
118,154
118,155
118,156
118,157
118,158
118,159
118,160
118,161
118,162
118,163
118,164
118,165
118,166
118,167
119,0
119,1
119,2
119,3
119,4
119,5
119,6
119,7
119,8
119,9
119,10
119,11
119,12
119,13
119,14
119,15
119,16
119,17
119,18
119,19
119,20
119,21
119,22
119,23
119,24
119,25
119,26
119,27
119,28
119,29
119,30
119,31
119,32
119,33
119,34
119,35
119,36
119,37
119,38
119,39
119,40
119,41
119,42
119,43
119,44
119,45
119,46
119,47
119,48
119,49
119,50
119,51
119,52
119,53
119,54
119,55
119,56
119,57
119,58
119,59
119,60
119,61
119,62
119,63
119,64
119,65
119,66
119,67
119,68
119,69
119,70
119,71
119,72
119,73
119,74
119,75
119,76
119,77
119,78
119,79
119,80
119,81
119,82
119,83
119,84
121,0
121,1
121,2
121,3
121,4
121,5
121,6
121,7
121,8
121,9
121,10
121,11
121,12
121,13
122,0
122,1
122,2
122,3
122,4
122,5
122,6
122,7
122,8
122,9
122,10
122,11
122,12
122,13
122,14
122,15
122,16
122,17
122,18
122,19
122,20
122,21
122,22
122,23
122,24
122,25
122,26
122,27
122,28
122,29
122,30
122,31
122,32
122,33
122,34
122,35
122,36
122,37
122,38
122,39
122,40
122,41
122,42
122,43
122,44
122,45
122,46
122,47
122,48
122,49
122,50
122,51
122,52
122,53
122,54
122,55
122,56
122,57
122,58
122,59
122,60
122,61
122,62
122,63
122,64
122,65
122,66
122,67
122,68
122,69
122,70
122,71
122,72
122,73
122,74
122,75
122,76
122,77
122,78
122,79
122,80
122,81
122,82
122,83
122,84
122,85
122,86
122,87
122,88
122,89
122,90
122,91
122,92
122,93
122,94
122,95
122,96
122,97
122,98
122,99
122,100
122,101
122,102
122,103
122,104
122,105
122,106
122,107
122,108
122,109
122,110
122,111
122,112
122,113
122,114
122,115
122,116
122,117
122,118
122,119
122,120
122,121
122,122
122,123
122,124
122,125
122,126
122,127
122,128
122,129
122,130
122,131
122,132
122,133
122,134
122,135
122,136
122,137
122,138
122,139
122,140
122,141
122,142
122,143
122,144
122,145
122,146
122,147
122,148
122,149
122,150
122,151
122,152
122,153
122,154
122,155
122,156
122,157
122,158
122,159
122,160
122,161
122,162
122,163
122,164
122,165
122,166
122,167
122,168
123,0
123,1
123,2
123,3
123,4
123,5
123,6
123,7
123,8
123,9
123,10
123,11
123,12
123,13
123,14
123,15
123,16
123,17
123,18
123,19
123,20
123,21
123,22
123,23
123,24
123,25
123,26
123,27
123,28
123,29
123,30
123,31
123,32
123,33
123,34
123,35
123,36
123,37
123,38
123,39
123,40
123,41
123,42
123,43
123,44
123,45
123,46
123,47
123,48
123,49
123,50
123,51
123,52
123,53
123,54
123,55
123,56
123,57
123,58
123,59
123,60
123,61
123,62
123,63
123,64
123,65
123,66
123,67
123,68
123,69
123,70
123,71
123,72
123,73
123,74
123,75
123,76
123,77
123,78
123,79
123,80
123,81
123,82
123,83
123,84
123,85
123,86
123,87
123,88
123,89
123,90
123,91
123,92
123,93
123,94
123,95
123,96
123,97
123,98
123,99
123,100
123,101
123,102
123,103
123,104
123,105
123,106
123,107
123,108
123,109
123,110
123,111
123,112
123,113
123,114
123,115
123,116
123,117
123,118
123,119
123,120
123,121
123,122
123,123
123,124
123,125
123,126
123,127
123,128
123,129
123,130
123,131
123,132
123,133
123,134
123,135
123,136
123,137
123,138
123,139
123,140
123,141
123,142
123,143
123,144
123,145
123,146
123,147
123,148
123,149
123,150
123,151
123,152
123,153
123,154
123,155
123,156
123,157
123,158
123,159
123,160
123,161
123,162
123,163
123,164
123,165
123,166
123,167
123,168
124,0
124,1
124,2
124,3
124,4
124,5
124,6
124,7
124,8
124,9
124,10
124,11
124,12
124,13
124,14
124,15
124,16
124,17
124,18
124,19
124,20
124,21
124,22
124,23
124,24
124,25
124,26
124,27
124,28
124,29
124,30
124,31
124,32
124,33
124,34
124,35
124,36
124,37
124,38
124,39
124,40
124,41
124,42
124,43
124,44
124,45
124,46
124,47
124,48
124,49
124,50
124,51
124,52
124,53
124,54
124,55
124,56
124,57
124,58
124,59
124,60
124,61
124,62
124,63
124,64
124,65
124,66
124,67
124,68
124,69
124,70
124,71
124,72
124,73
124,74
124,75
124,76
124,77
124,78
124,79
124,80
124,81
124,82
124,83
124,84
124,85
124,86
124,87
124,88
124,89
124,90
124,91
124,92
124,93
124,94
124,95
124,96
124,97
124,98
124,99
124,100
124,101
124,102
124,103
124,104
124,105
124,106
124,107
124,108
124,109
124,110
124,111
124,112
124,113
124,114
124,115
124,116
124,117
124,118
124,119
124,120
124,121
124,122
124,123
124,124
124,125
124,126
124,127
124,128
124,129
124,130
124,131
124,132
124,133
124,134
124,135
124,136
124,137
124,138
124,139
124,140
124,141
124,142
124,143
124,144
124,145
124,146
124,147
124,148
124,149
124,150
124,151
124,152
124,153
124,154
124,155
124,156
124,157
124,158
124,159
124,160
124,161
124,162
124,163
124,164
124,165
124,166
124,167
124,168
125,0
125,1
125,2
125,3
125,4
125,5
125,6
125,7
125,8
125,9
125,10
125,11
125,12
125,13
125,14
125,15
125,16
125,17
125,18
125,19
125,20
125,21
125,22
125,23
125,24
125,25
125,26
125,27
125,28
125,29
125,30
125,31
125,32
125,33
125,34
125,35
125,36
125,37
125,38
125,39
125,40
125,41
125,42
125,43
125,44
125,45
125,46
125,47
125,48
125,49
125,50
125,51
125,52
125,53
125,54
125,55
125,56
125,57
125,58
125,59
125,60
125,61
125,62
125,63
125,64
125,65
125,66
125,67
125,68
125,69
125,70
125,71
125,72
125,73
125,74
125,75
125,76
125,77
125,78
125,79
125,80
125,81
125,82
125,83
125,84
125,85
125,86
125,87
125,88
125,89
125,90
125,91
125,92
125,93
125,94
125,95
125,96
125,97
125,98
125,99
125,100
125,101
125,102
125,103
125,104
125,105
125,106
125,107
125,108
125,109
125,110
125,111
125,112
125,113
125,114
125,115
125,116
125,117
125,118
125,119
125,120
125,121
125,122
125,123
125,124
125,125
125,126
125,127
125,128
125,129
125,130
125,131
125,132
125,133
125,134
125,135
125,136
125,137
125,138
125,139
125,140
125,141
125,142
125,143
125,144
125,145
125,146
125,147
125,148
125,149
125,150
125,151
125,152
125,153
125,154
125,155
125,156
125,157
125,158
125,159
125,160
125,161
125,162
125,163
125,164
125,165
125,166
125,167
128,0
128,1
128,2
128,3
128,4
128,5
128,6
128,7
128,8
128,9
128,10
128,11
128,12
128,13
128,14
128,15
128,16
128,17
128,18
128,19
128,20
128,21
128,22
128,23
128,24
128,25
128,26
128,27
128,28
128,29
128,30
128,31
128,32
128,33
128,34
128,35
128,36
128,37
128,38
128,39
128,40
128,41
128,42
128,43
128,44
128,45
128,46
128,47
128,48
128,49
128,50
128,51
128,52
128,53
128,54
128,55
128,56
128,57
128,58
128,59
128,60
128,61
128,62
128,63
128,64
128,65
128,66
128,67
128,68
128,69
128,70
128,71
128,72
128,73
128,74
128,75
128,76
128,77
128,78
128,79
128,80
128,81
128,82
128,83
128,84
128,85
128,86
128,87
128,88
128,89
128,90
128,91
128,92
128,93
128,94
128,95
128,96
128,97
128,98
128,99
128,100
128,101
128,102
128,103
128,104
128,105
128,106
128,107
128,108
128,109
128,110
128,111
128,112
128,113
128,114
128,115
128,116
128,117
128,118
128,119
128,120
128,121
128,122
128,123
128,124
128,125
128,126
128,127
128,128
128,129
128,130
128,131
128,132
128,133
128,134
128,135
128,136
128,137
128,138
128,139
128,140
128,141
128,142
128,143
128,144
128,145
128,146
128,147
128,148
128,149
128,150
128,151
128,152
128,153
128,154
128,155
128,156
128,157
128,158
128,159
128,160
128,161
128,162
128,163
128,164
128,165
128,166
128,167
129,0
129,1
129,2
129,3
129,4
129,5
129,6
129,7
129,8
129,9
129,10
129,11
129,12
129,13
129,14
129,15
129,16
129,17
129,18
129,19
129,20
129,21
129,22
129,23
129,24
129,25
129,26
129,27
129,28
129,29
129,30
129,31
129,32
129,33
129,34
129,35
129,36
129,37
129,38
129,39
129,40
129,41
129,42
129,43
129,44
129,45
129,46
129,47
129,48
129,49
129,50
129,51
129,52
129,53
129,54
129,55
129,56
129,57
129,58
129,59
129,60
129,61
129,62
129,63
129,64
129,65
129,66
129,67
129,68
129,69
129,70
129,71
129,72
129,73
129,74
129,75
129,76
129,77
129,78
129,79
129,80
129,81
129,82
129,83
129,84
129,85
129,86
129,87
129,88
129,89
129,90
129,91
129,92
129,93
129,94
131,0
131,1
131,2
131,3
131,4
131,5
131,6
131,7
131,8
131,9
131,10
131,11
131,12
131,13
131,14
131,15
131,16
131,17
131,18
131,19
131,20
131,21
131,22
131,23
131,24
131,25
131,26
131,27
131,28
131,29
131,30
131,31
131,32
131,33
131,34
131,35
131,36
131,37
131,38
131,39
131,40
131,41
131,42
131,43
131,44
131,45
131,46
131,47
131,48
131,49
131,50
131,51
131,52
131,53
131,54
131,55
131,56
131,57
131,58
131,59
131,60
131,61
131,62
131,63
131,64
131,65
131,66
131,67
131,68
131,69
131,70
131,71
131,72
131,73
131,74
131,75
131,76
131,77
131,78
131,79
131,80
131,81
131,82
131,83
131,84
131,85
131,86
131,87
131,88
131,89
131,90
131,91
131,92
131,93
131,94
131,95
131,96
131,97
131,98
131,99
131,100
131,101
131,102
131,103
131,104
131,105
131,106
131,107
131,108
131,109
131,110
131,111
131,112
131,113
131,114
131,115
131,116
131,117
131,118
131,119
131,120
131,121
131,122
131,123
131,124
131,125
131,126
131,127
131,128
131,129
131,130
131,131
131,132
131,133
131,134
131,135
131,136
131,137
131,138
131,139
131,140
131,141
131,142
131,143
131,144
131,145
131,146
131,147
131,148
131,149
131,150
131,151
131,152
132,0
132,1
132,2
132,3
132,4
132,5
132,6
132,7
132,8
132,9
132,10
132,11
132,12
132,13
132,14
132,15
132,16
132,17
132,18
132,19
132,20
132,21
132,22
132,23
132,24
132,25
132,26
132,27
132,28
132,29
132,30
132,31
132,32
132,33
132,34
132,35
132,36
132,37
132,38
132,39
132,40
132,41
132,42
132,43
132,44
132,45
132,46
132,47
132,48
132,49
132,50
132,51
132,52
132,53
132,54
132,55
132,56
132,57
132,58
132,59
132,60
132,61
132,62
132,63
132,64
132,65
132,66
132,67
132,68
132,69
132,70
132,71
132,72
132,73
132,74
132,75
132,76
132,77
132,78
132,79
132,80
132,81
132,82
132,83
132,84
132,85
132,86
132,87
132,88
132,89
132,90
132,91
132,92
132,93
132,94
132,95
132,96
132,97
132,98
132,99
132,100
132,101
132,102
132,103
132,104
132,105
132,106
132,107
132,108
132,109
132,110
132,111
132,112
132,113
132,114
132,115
132,116
132,117
132,118
132,119
132,120
132,121
132,122
132,123
132,124
132,125
132,126
132,127
132,128
132,129
132,130
132,131
132,132
132,133
132,134
132,135
132,136
132,137
132,138
132,139
132,140
132,141
132,142
132,143
132,144
132,145
132,146
132,147
132,148
132,149
132,150
132,151
132,152
132,153
132,154
132,155
132,156
132,157
132,158
132,159
132,160
132,161
132,162
132,163
132,164
132,165
132,166
132,167
132,168
133,0
133,1
133,2
133,3
133,4
133,5
133,6
133,7
133,8
133,9
133,10
133,11
133,12
133,13
133,14
133,15
133,16
133,17
133,18
133,19
133,20
133,21
133,22
133,23
133,24
133,25
133,26
135,0
135,1
135,2
135,3
135,4
135,5
135,6
135,7
135,8
135,9
135,10
135,11
135,12
135,13
135,14
135,15
135,16
135,17
135,18
135,19
135,20
135,21
135,22
135,23
136,0
136,1
136,2
136,3
136,4
136,5
136,6
136,7
136,8
136,9
136,10
136,11
136,12
136,13
136,14
136,15
136,16
136,17
136,18
136,19
136,20
136,21
136,22
136,23
136,24
136,25
136,26
136,27
136,28
136,29
136,30
136,31
136,32
136,33
136,34
136,35
136,36
136,37
136,38
136,39
136,40
136,41
136,42
136,43
136,44
136,45
136,46
136,47
136,48
136,49
136,50
136,51
136,52
136,53
136,54
136,55
136,56
136,57
136,58
136,59
136,60
136,61
136,62
136,63
136,64
136,65
136,66
136,67
136,68
136,69
136,70
136,71
136,72
136,73
136,74
136,75
136,76
136,77
136,78
136,79
136,80
136,81
136,82
136,83
136,84
136,85
136,86
136,87
136,88
136,89
136,90
136,91
136,92
136,93
136,94
136,95
136,96
136,97
136,98
136,99
136,100
136,101
136,102
136,103
136,104
136,105
136,106
136,107
136,108
136,109
136,110
136,111
136,112
136,113
136,114
136,115
136,116
136,117
136,118
136,119
136,120
136,121
136,122
136,123
136,124
136,125
136,126
136,127
136,128
136,129
136,130
136,131
136,132
136,133
136,134
136,135
136,136
136,137
136,138
136,139
136,140
136,141
136,142
136,143
136,144
136,145
136,146
137,0
137,1
137,2
137,3
137,4
137,5
137,6
137,7
137,8
137,9
137,10
137,11
137,12
137,13
137,14
137,15
137,16
137,17
137,18
137,19
137,20
137,21
137,22
137,23
137,24
137,25
137,26
137,27
137,28
137,29
137,30
137,31
137,32
137,33
137,34
137,35
137,36
137,37
137,38
137,39
137,40
137,41
137,42
137,43
137,44
137,45
137,46
137,47
137,48
137,49
137,50
137,51
137,52
137,53
137,54
137,55
137,56
137,57
137,58
137,59
137,60
137,61
137,62
137,63
137,64
137,65
137,66
137,67
137,68
137,69
137,70
137,71
137,72
137,73
137,74
137,75
137,76
137,77
137,78
137,79
137,80
137,81
137,82
137,83
137,84
137,85
137,86
137,87
137,88
137,89
137,90
137,91
137,92
137,93
137,94
137,95
137,96
137,97
137,98
137,99
137,100
137,101
137,102
137,103
137,104
137,105
137,106
137,107
137,108
137,109
137,110
137,111
137,112
137,113
137,114
137,115
137,116
137,117
137,118
137,119
137,120
137,121
137,122
137,123
137,124
137,125
137,126
137,127
137,128
137,129
137,130
137,131
137,132
137,133
137,134
137,135
137,136
137,137
137,138
137,139
137,140
137,141
137,142
137,143
137,144
137,145
137,146
137,147
137,148
137,149
137,150
137,151
137,152
137,153
137,154
137,155
137,156
137,157
137,158
137,159
137,160
137,161
137,162
137,163
137,164
137,165
137,166
137,167
137,168
138,0
138,1
138,2
138,3
138,4
138,5
138,6
138,7
138,8
138,9
138,10
138,11
138,12
138,13
138,14
138,15
138,16
138,17
138,18
138,19
138,20
138,21
138,22
138,23
138,24
138,25
138,26
138,27
138,28
138,29
138,30
138,31
138,32
138,33
138,34
138,35
138,36
138,37
138,38
138,39
138,40
138,41
138,42
138,43
138,44
138,45
138,46
138,47
138,48
138,49
138,50
138,51
139,0
139,1
139,2
139,3
139,4
139,5
139,6
139,7
139,8
139,9
139,10
139,11
139,12
139,13
139,14
139,15
139,16
139,17
139,18
139,19
139,20
139,21
139,22
139,23
139,24
139,25
139,26
139,27
139,28
139,29
139,30
139,31
139,32
139,33
139,34
139,35
139,36
139,37
139,38
139,39
139,40
139,41
139,42
139,43
139,44
139,45
139,46
139,47
139,48
139,49
139,50
139,51
139,52
139,53
139,54
139,55
139,56
139,57
139,58
139,59
139,60
139,61
139,62
139,63
140,0
140,1
140,2
140,3
140,4
140,5
140,6
140,7
140,8
140,9
140,10
140,11
140,12
140,13
140,14
140,15
140,16
140,17
140,18
140,19
140,20
140,21
140,22
140,23
140,24
140,25
140,26
140,27
140,28
140,29
140,30
140,31
140,32
140,33
140,34
140,35
140,36
140,37
140,38
140,39
140,40
140,41
141,0
141,1
141,2
141,3
141,4
141,5
141,6
141,7
141,8
141,9
141,10
141,11
141,12
141,13
141,14
141,15
141,16
141,17
141,18
141,19
141,20
141,21
141,22
141,23
141,24
141,25
141,26
141,27
141,28
141,29
141,30
141,31
141,32
141,33
141,34
141,35
141,36
141,37
141,38
141,39
141,40
141,41
141,42
141,43
141,44
141,45
141,46
141,47
141,48
141,49
141,50
141,51
141,52
141,53
141,54
141,55
141,56
141,57
141,58
141,59
141,60
141,61
141,62
141,63
141,64
141,65
141,66
141,67
141,68
141,69
141,70
141,71
141,72
141,73
141,74
141,75
141,76
141,77
141,78
141,79
141,80
141,81
141,82
141,83
141,84
141,85
141,86
141,87
141,88
141,89
141,90
141,91
141,92
141,93
141,94
142,0
142,1
142,2
142,3
142,4
142,5
142,6
142,7
142,8
142,9
142,10
142,11
142,12
142,13
142,14
142,15
142,16
142,17
142,18
142,19
142,20
142,21
142,22
142,23
142,24
142,25
142,26
142,27
142,28
142,29
142,30
142,31
142,32
142,33
142,34
142,35
142,36
142,37
142,38
142,39
142,40
142,41
142,42
142,43
142,44
142,45
142,46
142,47
142,48
142,49
142,50
142,51
142,52
142,53
142,54
142,55
142,56
142,57
142,58
142,59
142,60
142,61
142,62
142,63
142,64
142,65
142,66
142,67
142,68
142,69
142,70
142,71
142,72
142,73
142,74
142,75
142,76
142,77
142,78
142,79
142,80
142,81
142,82
142,83
142,84
142,85
142,86
142,87
142,88
142,89
142,90
142,91
142,92
142,93
142,94
142,95
142,96
142,97
142,98
142,99
142,100
142,101
142,102
142,103
142,104
142,105
142,106
142,107
142,108
142,109
142,110
142,111
142,112
142,113
142,114
142,115
142,116
142,117
142,118
142,119
142,120
142,121
142,122
142,123
142,124
142,125
142,126
142,127
142,128
142,129
142,130
142,131
142,132
142,133
142,134
142,135
142,136
142,137
142,138
142,139
142,140
142,141
143,0
143,1
143,2
143,3
143,4
143,5
143,6
143,7
143,8
143,9
143,10
143,11
143,12
143,13
143,14
143,15
143,16
143,17
143,18
143,19
143,20
143,21
143,22
143,23
143,24
143,25
143,26
143,27
143,28
143,29
143,30
143,31
143,32
143,33
143,34
143,35
143,36
143,37
143,38
143,39
143,40
143,41
143,42
143,43
143,44
143,45
143,46
143,47
143,48
143,49
143,50
143,51
143,52
143,53
143,54
143,55
143,56
143,57
143,58
143,59
143,60
143,61
143,62
143,63
143,64
143,65
143,66
143,67
143,68
143,69
143,70
143,71
143,72
143,73
143,74
143,75
143,76
143,77
143,78
143,79
143,80
143,81
143,82
144,0
144,1
144,2
144,3
144,4
144,5
144,6
144,7
144,8
144,9
144,10
144,11
144,12
144,13
144,14
144,15
144,16
144,17
144,18
144,19
144,20
144,21
144,22
144,23
144,24
144,25
144,26
144,27
144,28
144,29
144,30
144,31
144,32
144,33
144,34
144,35
144,36
144,37
144,38
144,39
144,40
144,41
144,42
144,43
144,44
144,45
144,46
144,47
144,48
144,49
144,50
144,51
144,52
144,53
144,54
144,55
144,56
144,57
144,58
144,59
144,60
144,61
144,62
144,63
144,64
144,65
144,66
144,67
144,68
144,69
144,70
144,71
144,72
144,73
144,74
144,75
144,76
144,77
144,78
144,79
144,80
144,81
144,82
144,83
144,84
144,85
144,86
144,87
144,88
144,89
144,90
144,91
144,92
144,93
144,94
144,95
144,96
144,97
144,98
144,99
144,100
144,101
144,102
144,103
144,104
144,105
144,106
144,107
144,108
144,109
144,110
144,111
144,112
144,113
144,114
144,115
144,116
144,117
144,118
144,119
144,120
144,121
144,122
144,123
144,124
144,125
144,126
144,127
144,128
144,129
144,130
144,131
144,132
144,133
144,134
144,135
144,136
144,137
144,138
144,139
144,140
144,141
144,142
144,143
144,144
144,145
144,146
144,147
144,148
144,149
144,150
144,151
144,152
144,153
144,154
144,155
144,156
144,157
144,158
144,159
144,160
144,161
144,162
144,163
144,164
144,165
144,166
144,167
144,168
147,0
147,1
147,2
147,3
147,4
147,5
147,6
147,7
147,8
147,9
147,10
147,11
147,12
147,13
147,14
147,15
147,16
147,17
147,18
147,19
147,20
147,21
147,22
147,23
148,0
148,1
148,2
148,3
148,4
148,5
148,6
148,7
148,8
148,9
148,10
148,11
148,12
148,13
148,14
148,15
148,16
148,17
148,18
148,19
148,20
148,21
148,22
148,23
148,24
148,25
148,26
148,27
148,28
148,29
148,30
148,31
148,32
148,33
148,34
148,35
148,36
148,37
148,38
148,39
148,40
148,41
148,42
148,43
148,44
148,45
148,46
148,47
148,48
148,49
148,50
148,51
148,52
148,53
148,54
148,55
148,56
148,57
148,58
148,59
148,60
148,61
148,62
148,63
148,64
148,65
148,66
148,67
148,68
148,69
148,70
148,71
148,72
148,73
148,74
148,75
148,76
148,77
148,78
148,79
148,80
148,81
148,82
148,83
148,84
148,85
148,86
148,87
148,88
148,89
148,90
148,91
148,92
148,93
148,94
148,95
148,96
148,97
148,98
148,99
148,100
148,101
148,102
148,103
148,104
148,105
148,106
148,107
148,108
148,109
148,110
148,111
148,112
148,113
148,114
148,115
148,116
148,117
148,118
148,119
148,120
148,121
148,122
148,123
148,124
148,125
148,126
148,127
148,128
148,129
148,130
148,131
148,132
148,133
148,134
148,135
149,0
149,1
149,2
149,3
149,4
149,5
149,6
149,7
149,8
149,9
149,10
149,11
149,12
149,13
149,14
149,15
149,16
149,17
149,18
149,19
149,20
149,21
149,22
149,23
149,24
149,25
149,26
149,27
149,28
149,29
149,30
149,31
149,32
149,33
149,34
149,35
149,36
149,37
149,38
149,39
149,40
149,41
149,42
149,43
149,44
149,45
149,46
149,47
149,48
149,49
149,50
149,51
149,52
149,53
149,54
149,55
149,56
149,57
149,58
149,59
150,0
150,1
150,2
150,3
150,4
150,5
150,6
150,7
150,8
150,9
150,10
150,11
150,12
150,13
150,14
150,15
150,16
150,17
150,18
150,19
150,20
150,21
150,22
150,23
150,24
150,25
150,26
150,27
150,28
150,29
150,30
150,31
150,32
150,33
150,34
150,35
150,36
150,37
150,38
150,39
150,40
150,41
150,42
150,43
150,44
150,45
150,46
150,47
150,48
150,49
150,50
150,51
150,52
150,53
150,54
150,55
150,56
150,57
150,58
150,59
150,60
152,0
152,1
152,2
152,3
152,4
152,5
152,6
152,7
152,8
152,9
152,10
152,11
152,12
152,13
152,14
152,15
152,16
152,17
152,18
152,19
152,20
152,21
152,22
152,23
152,24
152,25
152,26
152,27
152,28
152,29
152,30
152,31
152,32
152,33
152,34
152,35
152,36
152,37
152,38
152,39
152,40
152,41
152,42
152,43
152,44
152,45
152,46
152,47
152,48
152,49
152,50
152,51
152,52
152,53
152,54
152,55
152,56
152,57
152,58
152,59
152,60
152,61
152,62
152,63
152,64
152,65
152,66
152,67
152,68
152,69
152,70
152,71
152,72
152,73
152,74
152,75
152,76
152,77
152,78
152,79
152,80
152,81
152,82
152,83
152,84
152,85
152,86
152,87
152,88
152,89
152,90
152,91
152,92
152,93
152,94
152,95
152,96
152,97
152,98
152,99
152,100
152,101
152,102
152,103
152,104
152,105
152,106
152,107
152,108
152,109
152,110
152,111
152,112
152,113
152,114
152,115
152,116
152,117
152,118
152,119
152,120
152,121
152,122
152,123
152,124
152,125
152,126
152,127
152,128
152,129
152,130
152,131
152,132
152,133
152,134
152,135
152,136
152,137
152,138
152,139
152,140
152,141
152,142
152,143
152,144
152,145
153,0
153,1
153,2
153,3
153,4
153,5
153,6
153,7
153,8
153,9
153,10
153,11
153,12
153,13
153,14
153,15
153,16
153,17
153,18
153,19
153,20
153,21
153,22
153,23
153,24
153,25
153,26
153,27
153,28
153,29
153,30
153,31
153,32
153,33
153,34
153,35
153,36
153,37
153,38
153,39
153,40
153,41
153,42
153,43
153,44
153,45
153,46
153,47
153,48
153,49
153,50
153,51
153,52
153,53
153,54
153,55
153,56
153,57
153,58
153,59
153,60
153,61
153,62
153,63
153,64
153,65
153,66
153,67
153,68
153,69
153,70
153,71
153,72
153,73
153,74
153,75
153,76
153,77
153,78
153,79
153,80
153,81
153,82
153,83
153,84
153,85
153,86
153,87
153,88
153,89
153,90
153,91
153,92
153,93
153,94
153,95
153,96
153,97
153,98
153,99
153,100
153,101
153,102
153,103
153,104
153,105
153,106
153,107
153,108
153,109
153,110
153,111
153,112
153,113
153,114
153,115
153,116
153,117
153,118
153,119
153,120
153,121
153,122
153,123
153,124
153,125
153,126
153,127
153,128
153,129
153,130
153,131
153,132
153,133
153,134
153,135
153,136
153,137
153,138
153,139
153,140
153,141
153,142
153,143
153,144
153,145
153,146
153,147
153,148
153,149
153,150
153,151
153,152
153,153
153,154
153,155
153,156
153,157
153,158
153,159
153,160
153,161
153,162
153,163
153,164
153,165
153,166
153,167
153,168
153,169
154,0
154,1
154,2
154,3
154,4
154,5
154,6
154,7
154,8
154,9
154,10
154,11
154,12
154,13
154,14
154,15
154,16
154,17
154,18
154,19
154,20
154,21
154,22
154,23
154,24
154,25
154,26
154,27
154,28
154,29
154,30
154,31
154,32
154,33
154,34
154,35
154,36
154,37
154,38
154,39
154,40
154,41
154,42
154,43
154,44
154,45
154,46
154,47
154,48
154,49
154,50
154,51
154,52
154,53
154,54
154,55
154,56
154,57
154,58
154,59
154,60
154,61
154,62
154,63
154,64
154,65
154,66
154,67
154,68
154,69
154,70
154,71
154,72
154,73
154,74
154,75
154,76
154,77
154,78
154,79
154,80
154,81
154,82
154,83
154,84
154,85
154,86
154,87
154,88
154,89
154,90
154,91
154,92
154,93
154,94
154,95
154,96
154,97
154,98
154,99
154,100
154,101
154,102
154,103
154,104
154,105
154,106
154,107
154,108
154,109
154,110
154,111
154,112
154,113
154,114
154,115
154,116
154,117
154,118
154,119
154,120
154,121
154,122
154,123
154,124
154,125
154,126
154,127
154,128
154,129
154,130
154,131
154,132
154,133
154,134
154,135
154,136
154,137
154,138
154,139
154,140
154,141
154,142
154,143
154,144
154,145
154,146
154,147
154,148
154,149
154,150
154,151
154,152
154,153
154,154
154,155
154,156
154,157
154,158
154,159
154,160
154,161
154,162
154,163
155,0
155,1
155,2
155,3
155,4
155,5
155,6
155,7
155,8
155,9
155,10
155,11
155,12
155,13
156,0
156,1
156,2
156,3
156,4
156,5
156,6
156,7
156,8
156,9
156,10
156,11
156,12
156,13
156,14
156,15
156,16
156,17
156,18
156,19
156,20
156,21
156,22
156,23
156,24
156,25
156,26
156,27
156,28
156,29
156,30
156,31
156,32
156,33
156,34
156,35
156,36
156,37
156,38
156,39
156,40
156,41
156,42
156,43
156,44
156,45
156,46
156,47
156,48
156,49
156,50
156,51
156,52
156,53
156,54
156,55
156,56
156,57
156,58
156,59
156,60
156,61
156,62
156,63
156,64
156,65
156,66
156,67
156,68
156,69
156,70
156,71
156,72
156,73
156,74
156,75
156,76
156,77
156,78
156,79
156,80
156,81
156,82
156,83
156,84
156,85
156,86
156,87
156,88
156,89
156,90
156,91
156,92
156,93
156,94
156,95
156,96
156,97
156,98
156,99
156,100
156,101
156,102
156,103
156,104
156,105
156,106
156,107
156,108
156,109
156,110
156,111
156,112
156,113
156,114
156,115
156,116
156,117
156,118
156,119
156,120
156,121
156,122
156,123
156,124
157,0
157,1
157,2
157,3
157,4
157,5
157,6
157,7
157,8
157,9
157,10
157,11
157,12
157,13
157,14
157,15
157,16
157,17
157,18
157,19
157,20
157,21
157,22
157,23
157,24
157,25
157,26
157,27
157,28
157,29
157,30
157,31
157,32
157,33
157,34
157,35
157,36
157,37
157,38
157,39
157,40
157,41
157,42
157,43
157,44
157,45
157,46
157,47
157,48
157,49
157,50
157,51
157,52
157,53
157,54
157,55
157,56
157,57
157,58
157,59
157,60
157,61
157,62
157,63
157,64
157,65
157,66
157,67
157,68
157,69
157,70
157,71
157,72
157,73
157,74
157,75
157,76
157,77
157,78
157,79
157,80
157,81
157,82
157,83
157,84
157,85
157,86
157,87
157,88
157,89
157,90
157,91
157,92
157,93
157,94
157,95
157,96
157,97
157,98
157,99
157,100
157,101
157,102
157,103
157,104
157,105
157,106
157,107
157,108
157,109
157,110
157,111
157,112
157,113
157,114
157,115
157,116
157,117
157,118
157,119
157,120
157,121
157,122
157,123
157,124
157,125
157,126
157,127
157,128
157,129
157,130
157,131
157,132
157,133
157,134
157,135
157,136
157,137
157,138
157,139
157,140
157,141
157,142
157,143
157,144
157,145
157,146
157,147
157,148
157,149
157,150
157,151
157,152
157,153
157,154
157,155
157,156
157,157
157,158
157,159
157,160
157,161
157,162
157,163
157,164
157,165
157,166
157,167
158,0
158,1
158,2
158,3
158,4
158,5
158,6
158,7
158,8
158,9
158,10
158,11
158,12
158,13
158,14
158,15
158,16
158,17
158,18
158,19
158,20
158,21
158,22
158,23
158,24
158,25
158,26
158,27
158,28
158,29
158,30
158,31
158,32
158,33
158,34
158,35
158,36
158,37
158,38
158,39
158,40
158,41
158,42
158,43
158,44
158,45
158,46
158,47
158,48
158,49
158,50
158,51
158,52
158,53
158,54
158,55
158,56
158,57
158,58
158,59
158,60
158,61
158,62
158,63
158,64
158,65
158,66
158,67
158,68
158,69
158,70
158,71
158,72
158,73
158,74
158,75
158,76
158,77
158,78
158,79
158,80
158,81
158,82
158,83
158,84
158,85
158,86
158,87
158,88
158,89
158,90
158,91
158,92
158,93
158,94
158,95
158,96
158,97
158,98
158,99
158,100
158,101
158,102
158,103
158,104
158,105
158,106
158,107
158,108
158,109
158,110
158,111
158,112
158,113
158,114
158,115
158,116
158,117
158,118
158,119
158,120
158,121
158,122
158,123
158,124
158,125
158,126
158,127
158,128
158,129
158,130
158,131
158,132
158,133
158,134
158,135
158,136
158,137
158,138
158,139
158,140
158,141
158,142
158,143
158,144
158,145
158,146
158,147
158,148
158,149
158,150
158,151
158,152
158,153
158,154
158,155
158,156
158,157
158,158
158,159
158,160
158,161
158,162
158,163
158,164
158,165
158,166
158,167
158,168
159,0
159,1
159,2
159,3
159,4
159,5
159,6
159,7
159,8
159,9
159,10
159,11
159,12
159,13
159,14
159,15
159,16
159,17
159,18
159,19
159,20
159,21
159,22
159,23
159,24
159,25
159,26
159,27
159,28
159,29
159,30
159,31
159,32
159,33
159,34
159,35
159,36
159,37
159,38
159,39
159,40
159,41
159,42
159,43
159,44
159,45
159,46
159,47
159,48
159,49
159,50
159,51
159,52
159,53
159,54
159,55
159,56
159,57
159,58
159,59
159,60
159,61
159,62
159,63
159,64
159,65
159,66
159,67
159,68
159,69
159,70
159,71
159,72
159,73
159,74
159,75
159,76
159,77
159,78
159,79
159,80
159,81
159,82
159,83
159,84
159,85
159,86
159,87
159,88
159,89
159,90
159,91
159,92
159,93
159,94
159,95
159,96
159,97
159,98
159,99
159,100
159,101
159,102
159,103
159,104
159,105
159,106
159,107
159,108
159,109
159,110
159,111
159,112
159,113
159,114
159,115
159,116
159,117
159,118
159,119
159,120
159,121
159,122
159,123
159,124
159,125
159,126
159,127
159,128
159,129
159,130
159,131
159,132
159,133
159,134
159,135
159,136
159,137
159,138
159,139
159,140
159,141
159,142
159,143
159,144
159,145
159,146
159,147
159,148
159,149
159,150
159,151
159,152
159,153
159,154
159,155
159,156
159,157
159,158
159,159
159,160
159,161
159,162
159,163
159,164
159,165
159,166
159,167
159,168
160,0
160,1
160,2
160,3
160,4
160,5
160,6
160,7
160,8
160,9
160,10
160,11
160,12
160,13
160,14
160,15
160,16
160,17
160,18
160,19
160,20
160,21
160,22
160,23
160,24
160,25
160,26
160,27
160,28
160,29
160,30
160,31
160,32
160,33
160,34
160,35
160,36
160,37
160,38
160,39
160,40
160,41
160,42
160,43
160,44
160,45
160,46
160,47
160,48
160,49
160,50
160,51
160,52
160,53
160,54
160,55
160,56
160,57
160,58
160,59
160,60
160,61
160,62
160,63
160,64
160,65
160,66
160,67
160,68
160,69
160,70
160,71
160,72
160,73
160,74
160,75
160,76
160,77
160,78
160,79
160,80
160,81
160,82
160,83
160,84
160,85
160,86
160,87
160,88
160,89
160,90
160,91
160,92
160,93
160,94
160,95
160,96
160,97
160,98
160,99
160,100
160,101
160,102
160,103
160,104
160,105
160,106
160,107
160,108
160,109
160,110
160,111
160,112
160,113
160,114
160,115
160,116
160,117
160,118
160,119
160,120
160,121
160,122
160,123
160,124
160,125
160,126
160,127
160,128
160,129
160,130
160,131
160,132
160,133
160,134
160,135
160,136
160,137
160,138
160,139
160,140
160,141
160,142
160,143
160,144
160,145
160,146
160,147
160,148
160,149
160,150
160,151
160,152
160,153
160,154
160,155
160,156
160,157
160,158
160,159
160,160
160,161
160,162
160,163
160,164
160,165
160,166
160,167
160,168
162,0
162,1
162,2
162,3
162,4
162,5
162,6
162,7
162,8
162,9
162,10
162,11
162,12
162,13
162,14
162,15
162,16
162,17
162,18
162,19
162,20
162,21
162,22
162,23
162,24
162,25
162,26
162,27
162,28
162,29
162,30
162,31
162,32
162,33
162,34
162,35
162,36
162,37
162,38
162,39
162,40
162,41
162,42
162,43
162,44
162,45
162,46
162,47
162,48
162,49
162,50
162,51
162,52
162,53
162,54
162,55
162,56
162,57
162,58
162,59
162,60
162,61
162,62
162,63
162,64
162,65
162,66
162,67
162,68
162,69
162,70
162,71
162,72
162,73
162,74
162,75
162,76
162,77
162,78
162,79
162,80
162,81
162,82
162,83
162,84
162,85
162,86
162,87
162,88
162,89
162,90
162,91
162,92
162,93
162,94
162,95
162,96
162,97
162,98
162,99
162,100
162,101
162,102
162,103
162,104
162,105
162,106
162,107
162,108
162,109
162,110
162,111
162,112
162,113
162,114
162,115
162,116
162,117
162,118
162,119
162,120
162,121
162,122
162,123
162,124
162,125
163,0
163,1
163,2
163,3
163,4
163,5
163,6
163,7
163,8
163,9
163,10
163,11
163,12
163,13
163,14
163,15
163,16
163,17
163,18
163,19
163,20
163,21
163,22
163,23
163,24
163,25
163,26
163,27
163,28
163,29
163,30
163,31
163,32
163,33
163,34
163,35
163,36
163,37
163,38
163,39
163,40
163,41
163,42
163,43
163,44
163,45
163,46
163,47
163,48
163,49
163,50
163,51
163,52
163,53
163,54
163,55
163,56
163,57
163,58
163,59
163,60
163,61
163,62
163,63
163,64
163,65
163,66
163,67
163,68
163,69
163,70
163,71
163,72
163,73
163,74
163,75
163,76
163,77
163,78
163,79
163,80
163,81
163,82
163,83
163,84
163,85
163,86
163,87
163,88
163,89
163,90
163,91
163,92
163,93
163,94
163,95
163,96
163,97
163,98
163,99
163,100
163,101
163,102
163,103
163,104
163,105
163,106
163,107
163,108
163,109
163,110
163,111
163,112
163,113
163,114
163,115
163,116
163,117
163,118
163,119
163,120
163,121
163,122
163,123
163,124
163,125
163,126
163,127
163,128
163,129
163,130
163,131
163,132
163,133
163,134
163,135
163,136
163,137
163,138
163,139
163,140
163,141
163,142
163,143
163,144
163,145
163,146
163,147
163,148
163,149
163,150
163,151
163,152
163,153
163,154
163,155
163,156
163,157
163,158
163,159
163,160
163,161
163,162
163,163
163,164
163,165
163,166
163,167
164,0
164,1
164,2
164,3
164,4
164,5
164,6
164,7
164,8
164,9
164,10
164,11
164,12
164,13
164,14
164,15
164,16
164,17
164,18
164,19
164,20
164,21
164,22
164,23
164,24
164,25
164,26
164,27
164,28
164,29
164,30
164,31
164,32
164,33
164,34
164,35
164,36
164,37
164,38
164,39
164,40
164,41
164,42
164,43
164,44
164,45
164,46
164,47
164,48
164,49
164,50
164,51
164,52
164,53
164,54
164,55
164,56
164,57
164,58
164,59
164,60
164,61
164,62
164,63
164,64
164,65
164,66
164,67
164,68
164,69
164,70
164,71
164,72
164,73
164,74
164,75
164,76
164,77
164,78
164,79
164,80
164,81
164,82
164,83
164,84
164,85
164,86
164,87
164,88
164,89
164,90
164,91
164,92
164,93
164,94
164,95
164,96
164,97
164,98
164,99
164,100
164,101
164,102
164,103
164,104
164,105
164,106
164,107
164,108
164,109
164,110
164,111
164,112
164,113
164,114
164,115
164,116
164,117
164,118
164,119
164,120
164,121
164,122
164,123
164,124
164,125
164,126
164,127
164,128
164,129
164,130
164,131
164,132
164,133
164,134
164,135
164,136
164,137
164,138
164,139
164,140
164,141
164,142
164,143
164,144
164,145
164,146
164,147
164,148
164,149
164,150
164,151
164,152
164,153
164,154
164,155
164,156
164,157
164,158
164,159
164,160
164,161
164,162
164,163
164,164
164,165
164,166
164,167
166,0
166,1
166,2
166,3
166,4
166,5
166,6
166,7
166,8
166,9
166,10
166,11
166,12
166,13
166,14
166,15
166,16
166,17
166,18
166,19
166,20
166,21
166,22
166,23
166,24
166,25
166,26
166,27
166,28
166,29
166,30
166,31
166,32
166,33
166,34
166,35
166,36
166,37
166,38
166,39
166,40
166,41
166,42
166,43
166,44
166,45
166,46
166,47
166,48
166,49
166,50
166,51
166,52
166,53
166,54
166,55
166,56
166,57
166,58
166,59
166,60
166,61
166,62
166,63
166,64
166,65
166,66
166,67
166,68
166,69
166,70
166,71
166,72
166,73
166,74
166,75
166,76
166,77
166,78
166,79
166,80
166,81
166,82
166,83
166,84
166,85
166,86
166,87
166,88
166,89
166,90
166,91
166,92
166,93
166,94
166,95
166,96
166,97
166,98
166,99
166,100
166,101
166,102
166,103
166,104
166,105
166,106
166,107
166,108
166,109
166,110
166,111
166,112
166,113
166,114
166,115
166,116
166,117
166,118
166,119
166,120
166,121
166,122
166,123
166,124
166,125
166,126
166,127
166,128
166,129
166,130
166,131
166,132
166,133
166,134
166,135
166,136
166,137
166,138
166,139
166,140
166,141
166,142
166,143
166,144
166,145
166,146
166,147
166,148
166,149
166,150
166,151
166,152
166,153
166,154
166,155
166,156
166,157
166,158
166,159
166,160
166,161
166,162
166,163
166,164
166,165
167,0
167,1
167,2
167,3
167,4
167,5
167,6
167,7
167,8
167,9
167,10
167,11
167,12
167,13
167,14
167,15
167,16
167,17
167,18
167,19
167,20
167,21
167,22
167,23
167,24
167,25
167,26
167,27
167,28
167,29
167,30
167,31
167,32
167,33
167,34
167,35
167,36
167,37
167,38
167,39
167,40
167,41
167,42
167,43
167,44
167,45
167,46
167,47
167,48
167,49
167,50
167,51
167,52
167,53
167,54
167,55
167,56
167,57
167,58
167,59
167,60
167,61
167,62
167,63
167,64
167,65
167,66
167,67
167,68
167,69
167,70
167,71
167,72
167,73
167,74
167,75
167,76
167,77
167,78
167,79
167,80
167,81
167,82
167,83
167,84
167,85
167,86
167,87
167,88
167,89
167,90
167,91
167,92
167,93
167,94
167,95
167,96
167,97
167,98
167,99
167,100
167,101
167,102
167,103
167,104
167,105
167,106
167,107
167,108
167,109
167,110
167,111
167,112
167,113
167,114
167,115
167,116
167,117
167,118
167,119
167,120
167,121
167,122
167,123
167,124
167,125
167,126
167,127
167,128
167,129
167,130
167,131
167,132
167,133
167,134
167,135
167,136
167,137
167,138
167,139
167,140
167,141
167,142
167,143
167,144
167,145
167,146
167,147
167,148
167,149
167,150
167,151
167,152
167,153
167,154
167,155
167,156
167,157
167,158
167,159
167,160
167,161
167,162
167,163
167,164
167,165
167,166
168,0
168,1
168,2
168,3
168,4
168,5
168,6
168,7
168,8
169,0
169,1
169,2
169,3
169,4
169,5
169,6
169,7
169,8
169,9
169,10
169,11
169,12
169,13
169,14
169,15
169,16
169,17
169,18
169,19
170,0
170,1
170,2
170,3
170,4
170,5
170,6
170,7
170,8
170,9
170,10
170,11
170,12
170,13
170,14
170,15
170,16
170,17
170,18
171,0
171,1
171,2
171,3
171,4
177,0
177,1
177,2
178,0
180,0
180,1
180,2
180,3
180,4
180,5
180,6
180,7
180,8
180,9
180,10
180,11
180,12
180,13
180,14
180,15
180,16
180,17
180,18
180,19
180,20
180,21
180,22
180,23
180,24
180,25
180,26
180,27
180,28
180,29
180,30
180,31
180,32
180,33
180,34
180,35
180,36
180,37
180,38
180,39
180,40
180,41
180,42
180,43
180,44
180,45
180,46
180,47
180,48
180,49
180,50
180,51
180,52
180,53
180,54
180,55
180,56
180,57
180,58
180,59
180,60
180,61
180,62
180,63
180,64
180,65
180,66
180,67
180,68
180,69
180,70
180,71
180,72
180,73
180,74
180,75
180,76
180,77
180,78
180,79
180,80
180,81
180,82
180,83
180,84
180,85
180,86
180,87
180,88
180,89
180,90
180,91
180,92
180,93
180,94
180,95
180,96
180,97
180,98
180,99
180,100
180,101
180,102
180,103
180,104
180,105
180,106
180,107
180,108
180,109
180,110
180,111
180,112
180,113
180,114
180,115
180,116
180,117
180,118
180,119
180,120
180,121
180,122
180,123
180,124
180,125
180,126
180,127
180,128
180,129
180,130
180,131
180,132
180,133
180,134
180,135
180,136
180,137
180,138
180,139
180,140
180,141
180,142
180,143
180,144
180,145
180,146
180,147
181,0
181,1
181,2
181,3
181,4
181,5
181,6
181,7
181,8
181,9
181,10
181,11
181,12
181,13
181,14
181,15
181,16
181,17
181,18
181,19
181,20
181,21
181,22
181,23
181,24
181,25
181,26
181,27
181,28
181,29
181,30
181,31
181,32
181,33
181,34
181,35
181,36
181,37
181,38
181,39
181,40
181,41
181,42
181,43
181,44
181,45
181,46
181,47
181,48
181,49
181,50
181,51
181,52
181,53
181,54
181,55
181,56
181,57
181,58
181,59
181,60
181,61
181,62
181,63
181,64
181,65
181,66
181,67
181,68
181,69
181,70
181,71
181,72
181,73
181,74
181,75
181,76
181,77
181,78
181,79
181,80
181,81
181,82
181,83
181,84
181,85
181,86
181,87
181,88
181,89
181,90
181,91
181,92
181,93
181,94
181,95
181,96
181,97
181,98
181,99
181,100
181,101
181,102
181,103
181,104
181,105
181,106
181,107
181,108
181,109
181,110
181,111
181,112
181,113
181,114
181,115
181,116
181,117
181,118
181,119
181,120
181,121
181,122
181,123
181,124
181,125
181,126
181,127
181,128
181,129
181,130
181,131
181,132
181,133
181,134
181,135
181,136
181,137
181,138
181,139
181,140
181,141
181,142
181,143
181,144
181,145
181,146
181,147
181,148
181,149
181,150
181,151
181,152
181,153
181,154
181,155
181,156
181,157
181,158
181,159
181,160
181,161
181,162
181,163
181,164
182,0
182,1
182,2
182,3
182,4
182,5
182,6
182,7
182,8
182,9
182,10
182,11
182,12
182,13
182,14
182,15
182,16
182,17
182,18
182,19
182,20
182,21
182,22
182,23
182,24
182,25
182,26
182,27
182,28
182,29
182,30
182,31
182,32
182,33
182,34
182,35
182,36
182,37
182,38
182,39
182,40
182,41
182,42
182,43
182,44
182,45
182,46
182,47
182,48
182,49
182,50
182,51
182,52
182,53
182,54
182,55
182,56
182,57
182,58
182,59
182,60
182,61
182,62
182,63
182,64
182,65
182,66
182,67
182,68
182,69
182,70
182,71
182,72
182,73
182,74
182,75
182,76
182,77
182,78
182,79
182,80
182,81
182,82
182,83
182,84
182,85
182,86
182,87
182,88
182,89
182,90
182,91
182,92
182,93
182,94
182,95
182,96
182,97
182,98
182,99
182,100
182,101
182,102
182,103
182,104
182,105
182,106
182,107
182,108
182,109
182,110
182,111
182,112
182,113
182,114
182,115
182,116
182,117
182,118
182,119
182,120
182,121
182,122
182,123
182,124
182,125
182,126
182,127
182,128
182,129
182,130
182,131
182,132
182,133
182,134
182,135
182,136
182,137
182,138
182,139
182,140
182,141
182,142
182,143
182,144
182,145
182,146
182,147
182,148
182,149
182,150
182,151
182,152
182,153
182,154
182,155
182,156
182,157
182,158
182,159
182,160
182,161
182,162
182,163
182,164
182,165
182,166
182,167
183,0
183,1
183,2
183,3
183,4
183,5
183,6
183,7
183,8
183,9
183,10
183,11
183,12
183,13
183,14
183,15
183,16
183,17
183,18
183,19
183,20
183,21
183,22
183,23
183,24
183,25
183,26
183,27
183,28
183,29
183,30
183,31
183,32
183,33
183,34
183,35
183,36
183,37
183,38
183,39
183,40
183,41
183,42
183,43
183,44
183,45
183,46
183,47
183,48
183,49
183,50
183,51
183,52
183,53
183,54
183,55
183,56
183,57
183,58
183,59
183,60
183,61
183,62
183,63
183,64
183,65
183,66
183,67
183,68
183,69
183,70
183,71
183,72
183,73
183,74
183,75
183,76
183,77
183,78
183,79
183,80
183,81
183,82
183,83
183,84
183,85
183,86
183,87
183,88
183,89
183,90
183,91
183,92
183,93
183,94
183,95
183,96
183,97
183,98
183,99
183,100
183,101
183,102
183,103
183,104
183,105
183,106
183,107
183,108
183,109
183,110
183,111
183,112
183,113
183,114
183,115
183,116
183,117
183,118
183,119
183,120
183,121
183,122
183,123
183,124
183,125
183,126
183,127
183,128
183,129
183,130
183,131
183,132
183,133
183,134
183,135
183,136
183,137
183,138
183,139
183,140
183,141
183,142
183,143
183,144
183,145
183,146
183,147
183,148
183,149
183,150
183,151
183,152
183,153
183,154
183,155
183,156
183,157
183,158
183,159
183,160
183,161
183,162
183,163
183,164
183,165
183,166
183,167
184,0
184,1
184,2
184,3
184,4
184,5
184,6
184,7
184,8
184,9
184,10
184,11
184,12
184,13
184,14
184,15
184,16
184,17
184,18
184,19
184,20
184,21
184,22
184,23
184,24
184,25
184,26
184,27
184,28
184,29
184,30
184,31
184,32
184,33
184,34
184,35
184,36
184,37
184,38
184,39
184,40
184,41
184,42
184,43
184,44
184,45
184,46
184,47
184,48
184,49
184,50
184,51
184,52
184,53
184,54
184,55
184,56
184,57
184,58
184,59
184,60
184,61
184,62
184,63
184,64
184,65
184,66
184,67
184,68
184,69
184,70
184,71
184,72
184,73
184,74
184,75
184,76
184,77
184,78
184,79
184,80
184,81
184,82
184,83
184,84
184,85
184,86
184,87
184,88
184,89
184,90
184,91
184,92
184,93
184,94
184,95
184,96
184,97
184,98
184,99
184,100
184,101
184,102
184,103
184,104
184,105
184,106
184,107
184,108
184,109
184,110
184,111
184,112
184,113
184,114
184,115
184,116
184,117
184,118
184,119
184,120
184,121
184,122
184,123
184,124
184,125
184,126
184,127
184,128
184,129
184,130
184,131
184,132
184,133
184,134
184,135
184,136
184,137
184,138
184,139
184,140
184,141
184,142
184,143
184,144
184,145
184,146
184,147
184,148
184,149
184,150
184,151
184,152
184,153
184,154
184,155
184,156
184,157
184,158
184,159
184,160
184,161
184,162
184,163
184,164
184,165
184,166
185,0
185,1
185,2
185,3
185,4
185,5
185,6
185,7
185,8
185,9
185,10
185,11
185,12
185,13
185,14
185,15
185,16
185,17
185,18
185,19
185,20
185,21
185,22
185,23
185,24
185,25
185,26
185,27
185,28
185,29
185,30
185,31
185,32
185,33
185,34
185,35
185,36
185,37
185,38
185,39
185,40
185,41
185,42
185,43
185,44
185,45
185,46
185,47
185,48
185,49
185,50
185,51
185,52
185,53
185,54
185,55
185,56
185,57
185,58
185,59
185,60
185,61
185,62
185,63
185,64
185,65
185,66
185,67
185,68
185,69
185,70
185,71
185,72
185,73
185,74
185,75
185,76
185,77
185,78
185,79
185,80
185,81
185,82
185,83
185,84
185,85
185,86
185,87
185,88
185,89
185,90
185,91
185,92
185,93
185,94
185,95
185,96
185,97
185,98
185,99
185,100
185,101
185,102
185,103
185,104
185,105
185,106
185,107
185,108
185,109
185,110
185,111
185,112
185,113
185,114
185,115
185,116
185,117
185,118
185,119
185,120
185,121
185,122
185,123
185,124
185,125
185,126
185,127
185,128
185,129
185,130
185,131
185,132
185,133
185,134
185,135
185,136
185,137
185,138
185,139
185,140
185,141
185,142
185,143
185,144
185,145
185,146
185,147
185,148
185,149
185,150
185,151
185,152
185,153
185,154
185,155
185,156
185,157
185,158
185,159
185,160
185,161
185,162
185,163
185,164
185,165
185,166
186,0
186,1
186,2
186,3
186,4
186,5
186,6
186,7
186,8
186,9
186,10
186,11
186,12
186,13
186,14
186,15
186,16
186,17
186,18
186,19
186,20
186,21
186,22
186,23
186,24
186,25
186,26
186,27
186,28
186,29
186,30
186,31
186,32
186,33
186,34
186,35
186,36
186,37
186,38
186,39
186,40
186,41
186,42
186,43
186,44
186,45
186,46
186,47
186,48
186,49
186,50
186,51
186,52
186,53
186,54
186,55
186,56
186,57
186,58
186,59
186,60
186,61
186,62
186,63
186,64
186,65
186,66
186,67
186,68
186,69
186,70
186,71
186,72
186,73
186,74
186,75
186,76
186,77
186,78
186,79
186,80
186,81
186,82
186,83
186,84
186,85
186,86
186,87
186,88
186,89
186,90
186,91
186,92
186,93
186,94
186,95
186,96
186,97
186,98
186,99
186,100
186,101
186,102
186,103
186,104
186,105
186,106
186,107
186,108
186,109
186,110
186,111
186,112
186,113
186,114
186,115
186,116
186,117
186,118
186,119
186,120
186,121
186,122
186,123
186,124
186,125
186,126
186,127
186,128
186,129
186,130
186,131
186,132
186,133
186,134
186,135
186,136
186,137
186,138
186,139
186,140
186,141
186,142
186,143
186,144
186,145
186,146
186,147
186,148
186,149
186,150
186,151
186,152
186,153
186,154
186,155
186,156
186,157
186,158
186,159
186,160
186,161
186,162
186,163
186,164
186,165
186,166
187,0
187,1
187,2
187,3
187,4
187,5
187,6
187,7
187,8
187,9
187,10
187,11
187,12
187,13
187,14
187,15
187,16
187,17
187,18
187,19
187,20
187,21
187,22
187,23
187,24
187,25
187,26
187,27
187,28
187,29
187,30
187,31
187,32
187,33
187,34
187,35
187,36
187,37
187,38
187,39
187,40
187,41
187,42
187,43
187,44
187,45
187,46
187,47
187,48
187,49
187,50
187,51
187,52
187,53
187,54
187,55
187,56
187,57
187,58
187,59
187,60
187,61
187,62
187,63
187,64
187,65
187,66
187,67
187,68
187,69
187,70
187,71
187,72
187,73
187,74
187,75
187,76
187,77
187,78
187,79
187,80
187,81
187,82
187,83
187,84
187,85
187,86
187,87
187,88
187,89
187,90
187,91
187,92
187,93
187,94
187,95
187,96
187,97
187,98
187,99
187,100
187,101
187,102
187,103
187,104
187,105
187,106
187,107
187,108
187,109
187,110
187,111
187,112
187,113
187,114
187,115
187,116
187,117
187,118
187,119
187,120
187,121
187,122
187,123
187,124
187,125
187,126
187,127
187,128
187,129
187,130
187,131
187,132
187,133
187,134
187,135
187,136
187,137
187,138
187,139
187,140
187,141
187,142
187,143
187,144
187,145
187,146
187,147
187,148
187,149
187,150
187,151
187,152
187,153
187,154
187,155
187,156
187,157
187,158
187,159
187,160
187,161
187,162
187,163
187,164
187,165
187,166
187,167
189,0
189,1
189,2
189,3
189,4
189,5
189,6
189,7
189,8
189,9
189,10
189,11
189,12
189,13
189,14
189,15
189,16
189,17
189,18
189,19
189,20
189,21
189,22
189,23
189,24
189,25
189,26
189,27
189,28
189,29
189,30
189,31
189,32
189,33
189,34
189,35
189,36
189,37
189,38
189,39
189,40
189,41
189,42
189,43
189,44
189,45
189,46
189,47
189,48
189,49
189,50
189,51
189,52
189,53
189,54
189,55
189,56
189,57
189,58
189,59
189,60
189,61
189,62
189,63
189,64
189,65
189,66
189,67
189,68
189,69
189,70
189,71
189,72
189,73
189,74
189,75
189,76
189,77
189,78
189,79
189,80
189,81
189,82
189,83
189,84
189,85
189,86
189,87
189,88
189,89
189,90
189,91
189,92
189,93
189,94
189,95
189,96
189,97
189,98
189,99
189,100
189,101
189,102
189,103
189,104
189,105
189,106
189,107
189,108
189,109
189,110
189,111
189,112
189,113
189,114
189,115
189,116
189,117
189,118
189,119
189,120
189,121
189,122
189,123
189,124
189,125
189,126
189,127
189,128
189,129
189,130
189,131
189,132
189,133
189,134
189,135
189,136
189,137
189,138
189,139
189,140
189,141
189,142
189,143
189,144
189,145
189,146
189,147
189,148
189,149
189,150
189,151
189,152
189,153
189,154
189,155
189,156
189,157
189,158
189,159
189,160
189,161
189,162
189,163
189,164
189,165
189,166
189,167
190,0
190,1
190,2
190,3
190,4
190,5
190,6
190,7
190,8
190,9
190,10
190,11
190,12
190,13
190,14
190,15
190,16
190,17
190,18
190,19
190,20
190,21
190,22
190,23
190,24
190,25
190,26
190,27
190,28
190,29
190,30
190,31
190,32
190,33
190,34
190,35
190,36
190,37
190,38
190,39
190,40
190,41
190,42
190,43
190,44
190,45
190,46
190,47
190,48
190,49
190,50
190,51
190,52
190,53
190,54
190,55
190,56
190,57
190,58
190,59
190,60
190,61
190,62
190,63
190,64
190,65
190,66
190,67
190,68
190,69
190,70
190,71
190,72
190,73
190,74
190,75
190,76
190,77
190,78
190,79
190,80
190,81
190,82
190,83
190,84
190,85
190,86
190,87
190,88
190,89
190,90
190,91
190,92
190,93
190,94
190,95
190,96
190,97
190,98
190,99
190,100
190,101
190,102
190,103
190,104
190,105
190,106
190,107
190,108
190,109
190,110
190,111
190,112
190,113
190,114
190,115
190,116
190,117
190,118
190,119
190,120
190,121
190,122
190,123
190,124
190,125
190,126
190,127
190,128
190,129
190,130
190,131
190,132
190,133
190,134
190,135
190,136
190,137
190,138
190,139
190,140
190,141
190,142
190,143
190,144
190,145
190,146
190,147
190,148
190,149
190,150
190,151
190,152
190,153
190,154
190,155
190,156
190,157
190,158
190,159
190,160
190,161
190,162
190,163
190,164
190,165
190,166
190,167
190,168
192,0
192,1
192,2
192,3
192,4
192,5
192,6
192,7
192,8
192,9
192,10
192,11
192,12
192,13
192,14
192,15
192,16
192,17
192,18
192,19
192,20
192,21
192,22
192,23
192,24
192,25
192,26
192,27
192,28
192,29
192,30
192,31
192,32
192,33
192,34
192,35
192,36
192,37
192,38
192,39
192,40
192,41
192,42
192,43
192,44
192,45
192,46
192,47
192,48
192,49
192,50
192,51
192,52
192,53
192,54
192,55
192,56
192,57
192,58
192,59
192,60
192,61
192,62
192,63
192,64
192,65
192,66
192,67
192,68
192,69
192,70
192,71
192,72
192,73
192,74
192,75
192,76
192,77
192,78
192,79
192,80
192,81
192,82
192,83
192,84
192,85
192,86
192,87
192,88
192,89
192,90
192,91
192,92
192,93
192,94
192,95
192,96
192,97
192,98
192,99
192,100
192,101
192,102
192,103
192,104
192,105
192,106
192,107
192,108
192,109
192,110
192,111
192,112
192,113
192,114
192,115
192,116
192,117
192,118
192,119
192,120
192,121
192,122
192,123
192,124
192,125
192,126
192,127
192,128
192,129
192,130
192,131
192,132
192,133
192,134
192,135
192,136
192,137
192,138
192,139
192,140
192,141
192,142
192,143
192,144
192,145
192,146
192,147
192,148
192,149
192,150
192,151
192,152
192,153
192,154
192,155
192,156
192,157
192,158
192,159
192,160
192,161
192,162
192,163
192,164
193,0
193,1
193,2
193,3
193,4
193,5
193,6
193,7
193,8
193,9
193,10
193,11
193,12
193,13
193,14
193,15
193,16
193,17
193,18
193,19
193,20
193,21
193,22
193,23
193,24
193,25
193,26
193,27
193,28
193,29
193,30
193,31
193,32
193,33
193,34
193,35
193,36
193,37
193,38
193,39
193,40
193,41
193,42
193,43
193,44
193,45
193,46
193,47
193,48
193,49
193,50
193,51
193,52
193,53
193,54
193,55
193,56
193,57
193,58
193,59
193,60
193,61
193,62
193,63
193,64
193,65
193,66
193,67
193,68
193,69
193,70
193,71
193,72
193,73
193,74
193,75
193,76
193,77
193,78
193,79
193,80
193,81
193,82
193,83
193,84
193,85
193,86
193,87
193,88
193,89
193,90
193,91
193,92
193,93
193,94
193,95
193,96
193,97
193,98
193,99
193,100
193,101
193,102
193,103
193,104
193,105
193,106
193,107
193,108
193,109
193,110
193,111
193,112
193,113
193,114
193,115
193,116
193,117
193,118
193,119
193,120
193,121
193,122
193,123
193,124
193,125
193,126
193,127
193,128
193,129
193,130
193,131
193,132
193,133
193,134
193,135
193,136
193,137
193,138
193,139
193,140
193,141
193,142
193,143
193,144
193,145
193,146
193,147
193,148
193,149
193,150
193,151
193,152
193,153
193,154
193,155
193,156
193,157
193,158
193,159
193,160
193,161
193,162
193,163
193,164
193,165
193,166
194,0
194,1
194,2
194,3
194,4
194,5
194,6
194,7
194,8
194,9
194,10
194,11
194,12
194,13
194,14
194,15
194,16
194,17
194,18
194,19
194,20
194,21
194,22
194,23
194,24
194,25
194,26
194,27
194,28
194,29
194,30
194,31
194,32
194,33
194,34
194,35
194,36
194,37
194,38
194,39
194,40
194,41
194,42
194,43
194,44
194,45
194,46
194,47
194,48
194,49
194,50
194,51
194,52
194,53
194,54
194,55
194,56
194,57
194,58
194,59
194,60
194,61
194,62
194,63
194,64
194,65
194,66
194,67
194,68
194,69
194,70
194,71
194,72
194,73
194,74
194,75
194,76
194,77
194,78
194,79
194,80
194,81
194,82
194,83
194,84
194,85
194,86
194,87
194,88
194,89
194,90
194,91
194,92
194,93
194,94
194,95
194,96
194,97
194,98
194,99
194,100
194,101
194,102
194,103
194,104
194,105
194,106
194,107
194,108
194,109
194,110
194,111
194,112
194,113
194,114
194,115
194,116
194,117
194,118
194,119
194,120
194,121
194,122
194,123
194,124
194,125
194,126
194,127
194,128
194,129
194,130
194,131
194,132
194,133
194,134
194,135
194,136
194,137
194,138
194,139
194,140
194,141
194,142
194,143
194,144
194,145
194,146
194,147
194,148
194,149
194,150
194,151
194,152
194,153
194,154
194,155
194,156
194,157
194,158
194,159
194,160
194,161
194,162
194,163
194,164
194,165
194,166
194,167
195,0
195,1
195,2
195,3
195,4
195,5
195,6
195,7
195,8
195,9
195,10
195,11
195,12
195,13
195,14
195,15
195,16
195,17
195,18
195,19
195,20
195,21
195,22
195,23
195,24
195,25
195,26
195,27
195,28
195,29
195,30
195,31
195,32
195,33
195,34
195,35
195,36
195,37
195,38
195,39
195,40
195,41
195,42
195,43
195,44
195,45
195,46
195,47
195,48
195,49
195,50
195,51
195,52
195,53
195,54
195,55
195,56
195,57
195,58
195,59
195,60
195,61
195,62
195,63
195,64
195,65
195,66
195,67
195,68
195,69
195,70
195,71
195,72
195,73
195,74
195,75
195,76
195,77
195,78
195,79
195,80
195,81
195,82
195,83
195,84
195,85
195,86
195,87
195,88
195,89
195,90
195,91
195,92
195,93
195,94
195,95
195,96
195,97
195,98
195,99
195,100
195,101
195,102
195,103
195,104
195,105
195,106
195,107
195,108
195,109
195,110
195,111
195,112
195,113
195,114
195,115
195,116
195,117
195,118
195,119
195,120
195,121
195,122
195,123
195,124
195,125
195,126
195,127
195,128
195,129
195,130
195,131
195,132
195,133
195,134
195,135
195,136
195,137
195,138
195,139
195,140
195,141
195,142
195,143
195,144
195,145
195,146
195,147
195,148
195,149
195,150
195,151
195,152
195,153
195,154
195,155
195,156
195,157
195,158
195,159
195,160
195,161
195,162
195,163
195,164
195,165
195,166
195,167
196,0
196,1
196,2
196,3
196,4
196,5
196,6
196,7
196,8
196,9
196,10
196,11
196,12
196,13
196,14
196,15
196,16
196,17
196,18
196,19
196,20
196,21
196,22
196,23
196,24
196,25
196,26
196,27
196,28
196,29
196,30
196,31
196,32
196,33
196,34
196,35
196,36
196,37
196,38
196,39
196,40
196,41
196,42
196,43
196,44
196,45
196,46
196,47
196,48
196,49
196,50
196,51
196,52
196,53
196,54
196,55
196,56
196,57
196,58
196,59
196,60
196,61
196,62
196,63
196,64
196,65
196,66
196,67
196,68
196,69
196,70
196,71
196,72
196,73
196,74
196,75
196,76
196,77
196,78
196,79
196,80
196,81
196,82
196,83
196,84
196,85
196,86
196,87
196,88
196,89
196,90
196,91
196,92
196,93
196,94
196,95
196,96
196,97
196,98
196,99
196,100
196,101
196,102
196,103
196,104
196,105
196,106
196,107
196,108
196,109
196,110
196,111
196,112
196,113
196,114
196,115
196,116
196,117
196,118
196,119
196,120
196,121
196,122
196,123
196,124
196,125
196,126
196,127
196,128
196,129
196,130
196,131
196,132
196,133
196,134
196,135
196,136
196,137
196,138
196,139
196,140
196,141
196,142
196,143
196,144
196,145
196,146
196,147
196,148
196,149
196,150
196,151
196,152
196,153
196,154
196,155
196,156
196,157
196,158
196,159
196,160
196,161
196,162
196,163
196,164
196,165
196,166
196,167
197,0
197,1
197,2
197,3
197,4
197,5
197,6
197,7
197,8
197,9
197,10
197,11
197,12
197,13
197,14
197,15
197,16
197,17
197,18
197,19
197,20
197,21
197,22
197,23
197,24
197,25
197,26
197,27
197,28
197,29
197,30
197,31
197,32
197,33
197,34
197,35
197,36
197,37
197,38
197,39
197,40
197,41
197,42
197,43
197,44
197,45
197,46
197,47
197,48
197,49
197,50
197,51
197,52
197,53
197,54
197,55
197,56
197,57
197,58
197,59
197,60
197,61
197,62
197,63
197,64
197,65
197,66
197,67
197,68
197,69
197,70
197,71
197,72
197,73
197,74
197,75
197,76
197,77
197,78
197,79
197,80
197,81
197,82
197,83
197,84
197,85
197,86
197,87
197,88
197,89
197,90
197,91
197,92
197,93
197,94
197,95
197,96
197,97
197,98
197,99
197,100
197,101
197,102
197,103
197,104
197,105
197,106
197,107
197,108
197,109
197,110
197,111
197,112
197,113
197,114
197,115
197,116
197,117
197,118
197,119
197,120
197,121
197,122
197,123
197,124
197,125
197,126
197,127
197,128
197,129
197,130
197,131
197,132
197,133
197,134
197,135
197,136
197,137
197,138
197,139
197,140
197,141
197,142
197,143
197,144
197,145
197,146
197,147
197,148
197,149
197,150
197,151
197,152
197,153
197,154
197,155
197,156
197,157
197,158
197,159
197,160
197,161
197,162
197,163
197,164
197,165
197,166
197,167
199,0
199,1
199,2
199,3
199,4
199,5
199,6
199,7
199,8
199,9
199,10
199,11
199,12
199,13
199,14
199,15
199,16
199,17
199,18
199,19
199,20
199,21
199,22
199,23
199,24
199,25
199,26
199,27
199,28
199,29
199,30
199,31
199,32
199,33
199,34
199,35
199,36
199,37
199,38
199,39
199,40
199,41
199,42
199,43
199,44
199,45
199,46
199,47
199,48
199,49
199,50
199,51
199,52
199,53
199,54
199,55
199,56
199,57
199,58
199,59
199,60
199,61
199,62
199,63
199,64
199,65
199,66
199,67
199,68
199,69
199,70
199,71
199,72
199,73
199,74
199,75
199,76
199,77
199,78
199,79
199,80
199,81
199,82
199,83
199,84
199,85
199,86
199,87
199,88
199,89
199,90
199,91
199,92
199,93
199,94
199,95
199,96
199,97
199,98
199,99
199,100
199,101
199,102
199,103
199,104
199,105
199,106
199,107
199,108
199,109
199,110
199,111
199,112
199,113
199,114
199,115
199,116
199,117
199,118
199,119
199,120
199,121
199,122
199,123
199,124
199,125
199,126
199,127
199,128
199,129
199,130
199,131
199,132
199,133
199,134
199,135
199,136
199,137
199,138
199,139
199,140
199,141
199,142
199,143
199,144
199,145
199,146
199,147
199,148
199,149
199,150
199,151
199,152
199,153
199,154
199,155
199,156
199,157
199,158
199,159
199,160
199,161
199,162
199,163
199,164
200,0
200,1
200,2
200,3
200,4
200,5
200,6
200,7
200,8
200,9
200,10
200,11
200,12
200,13
200,14
200,15
200,16
200,17
200,18
200,19
200,20
200,21
200,22
200,23
200,24
200,25
200,26
200,27
200,28
200,29
200,30
200,31
200,32
200,33
200,34
200,35
200,36
200,37
200,38
200,39
200,40
200,41
200,42
200,43
200,44
200,45
200,46
200,47
200,48
200,49
200,50
200,51
200,52
200,53
200,54
200,55
200,56
200,57
200,58
200,59
200,60
200,61
200,62
200,63
200,64
200,65
200,66
200,67
200,68
200,69
200,70
200,71
200,72
200,73
200,74
200,75
200,76
200,77
200,78
200,79
200,80
200,81
200,82
200,83
200,84
200,85
200,86
200,87
200,88
200,89
200,90
200,91
200,92
200,93
200,94
200,95
200,96
200,97
200,98
200,99
200,100
200,101
200,102
200,103
200,104
200,105
200,106
200,107
200,108
200,109
200,110
200,111
200,112
200,113
200,114
200,115
200,116
200,117
200,118
200,119
200,120
200,121
200,122
200,123
200,124
200,125
200,126
200,127
200,128
200,129
200,130
200,131
200,132
200,133
200,134
200,135
200,136
200,137
200,138
200,139
200,140
200,141
200,142
200,143
200,144
200,145
200,146
200,147
200,148
200,149
200,150
200,151
200,152
200,153
200,154
200,155
200,156
200,157
200,158
200,159
200,160
200,161
200,162
200,163
200,164
200,165
200,166
201,0
201,1
201,2
201,3
201,4
201,5
201,6
201,7
201,8
201,9
201,10
201,11
201,12
201,13
201,14
201,15
201,16
201,17
201,18
201,19
201,20
201,21
201,22
201,23
201,24
201,25
201,26
201,27
201,28
201,29
201,30
201,31
201,32
201,33
201,34
201,35
201,36
201,37
201,38
201,39
201,40
201,41
201,42
201,43
201,44
201,45
201,46
201,47
201,48
201,49
201,50
201,51
201,52
201,53
201,54
201,55
201,56
201,57
201,58
201,59
201,60
201,61
201,62
201,63
201,64
201,65
201,66
201,67
201,68
201,69
201,70
201,71
201,72
201,73
201,74
201,75
201,76
201,77
201,78
201,79
201,80
201,81
201,82
201,83
201,84
201,85
201,86
201,87
201,88
201,89
201,90
201,91
201,92
201,93
201,94
201,95
201,96
201,97
201,98
201,99
201,100
201,101
201,102
201,103
201,104
201,105
201,106
201,107
201,108
201,109
201,110
201,111
201,112
201,113
201,114
201,115
201,116
201,117
201,118
201,119
201,120
201,121
201,122
201,123
201,124
201,125
201,126
201,127
201,128
201,129
201,130
201,131
201,132
201,133
201,134
201,135
201,136
201,137
201,138
201,139
201,140
201,141
201,142
201,143
201,144
201,145
201,146
201,147
201,148
201,149
201,150
201,151
201,152
201,153
201,154
201,155
201,156
201,157
201,158
201,159
201,160
201,161
201,162
201,163
201,164
201,165
201,166
202,0
202,1
202,2
202,3
202,4
202,5
202,6
202,7
202,8
202,9
202,10
202,11
202,12
202,13
202,14
202,15
202,16
202,17
202,18
202,19
202,20
202,21
202,22
202,23
202,24
202,25
202,26
202,27
202,28
202,29
202,30
202,31
202,32
202,33
202,34
202,35
202,36
202,37
202,38
202,39
202,40
202,41
202,42
202,43
202,44
202,45
202,46
202,47
202,48
202,49
202,50
202,51
202,52
202,53
202,54
202,55
202,56
202,57
202,58
202,59
202,60
202,61
202,62
202,63
202,64
202,65
202,66
202,67
202,68
202,69
202,70
202,71
202,72
202,73
202,74
202,75
202,76
202,77
202,78
202,79
202,80
202,81
202,82
202,83
202,84
202,85
202,86
202,87
202,88
202,89
202,90
202,91
202,92
202,93
202,94
202,95
202,96
202,97
202,98
202,99
202,100
202,101
202,102
202,103
202,104
202,105
202,106
202,107
202,108
202,109
202,110
202,111
202,112
202,113
202,114
202,115
202,116
202,117
202,118
202,119
202,120
202,121
202,122
202,123
202,124
202,125
202,126
202,127
202,128
202,129
202,130
202,131
202,132
202,133
202,134
202,135
202,136
202,137
202,138
202,139
202,140
202,141
202,142
202,143
202,144
202,145
202,146
202,147
202,148
202,149
202,150
202,151
202,152
202,153
202,154
202,155
202,156
202,157
202,158
202,159
202,160
202,161
202,162
202,163
202,164
205,0
205,1
205,2
205,3
205,4
205,5
205,6
205,7
205,8
205,9
205,10
205,11
205,12
205,13
205,14
205,15
205,16
205,17
205,18
205,19
205,20
205,21
205,22
205,23
205,24
205,25
205,26
205,27
205,28
205,29
205,30
205,31
205,32
205,33
205,34
205,35
205,36
205,37
205,38
205,39
205,40
205,41
205,42
205,43
205,44
205,45
205,46
205,47
205,48
205,49
205,50
205,51
205,52
205,53
205,54
205,55
205,56
205,57
205,58
205,59
205,60
205,61
205,62
205,63
205,64
205,65
205,66
205,67
205,68
205,69
205,70
205,71
205,72
205,73
205,74
205,75
205,76
205,77
205,78
205,79
205,80
205,81
205,82
205,83
205,84
205,85
205,86
205,87
205,88
205,89
205,90
205,91
205,92
205,93
205,94
205,95
205,96
205,97
205,98
205,99
205,100
205,101
205,102
205,103
205,104
205,105
205,106
205,107
205,108
205,109
205,110
205,111
205,112
205,113
205,114
205,115
205,116
205,117
205,118
205,119
205,120
205,121
205,122
205,123
205,124
205,125
205,126
205,127
205,128
205,129
205,130
205,131
205,132
205,133
205,134
205,135
205,136
205,137
205,138
205,139
205,140
205,141
205,142
205,143
205,144
205,145
205,146
205,147
205,148
205,149
205,150
205,151
205,152
205,153
205,154
205,155
205,156
205,157
205,158
205,159
205,160
205,161
205,162
205,163
205,164
205,165
205,166
206,0
206,1
206,2
206,3
206,4
206,5
206,6
206,7
206,8
206,9
206,10
206,11
206,12
206,13
206,14
206,15
206,16
206,17
206,18
206,19
206,20
206,21
206,22
206,23
206,24
206,25
206,26
206,27
206,28
206,29
206,30
206,31
206,32
206,33
206,34
206,35
206,36
206,37
206,38
206,39
206,40
206,41
206,42
206,43
206,44
206,45
206,46
206,47
206,48
206,49
206,50
206,51
206,52
206,53
206,54
206,55
206,56
206,57
206,58
206,59
206,60
206,61
206,62
206,63
206,64
206,65
206,66
206,67
206,68
206,69
206,70
206,71
206,72
206,73
206,74
206,75
206,76
206,77
206,78
206,79
206,80
206,81
206,82
206,83
206,84
206,85
206,86
206,87
206,88
206,89
206,90
206,91
206,92
206,93
206,94
206,95
206,96
206,97
206,98
206,99
206,100
206,101
206,102
206,103
206,104
206,105
206,106
206,107
206,108
206,109
206,110
206,111
206,112
206,113
206,114
206,115
206,116
206,117
206,118
206,119
206,120
206,121
206,122
206,123
206,124
206,125
206,126
206,127
206,128
206,129
206,130
206,131
206,132
206,133
206,134
206,135
206,136
206,137
206,138
206,139
206,140
206,141
206,142
206,143
206,144
206,145
206,146
206,147
206,148
206,149
206,150
206,151
206,152
206,153
206,154
206,155
206,156
206,157
206,158
206,159
206,160
206,161
206,162
206,163
206,164
206,165
206,166
206,167
206,168
207,0
207,1
207,2
207,3
207,4
207,5
207,6
207,7
207,8
207,9
207,10
207,11
207,12
207,13
207,14
207,15
207,16
207,17
207,18
207,19
207,20
207,21
207,22
207,23
207,24
207,25
207,26
207,27
207,28
207,29
207,30
207,31
207,32
207,33
207,34
207,35
207,36
207,37
207,38
207,39
207,40
207,41
207,42
207,43
207,44
207,45
207,46
207,47
207,48
207,49
207,50
207,51
207,52
207,53
207,54
207,55
207,56
207,57
207,58
207,59
207,60
207,61
207,62
207,63
207,64
207,65
207,66
207,67
207,68
207,69
207,70
207,71
207,72
207,73
207,74
207,75
207,76
207,77
207,78
207,79
207,80
207,81
207,82
207,83
207,84
207,85
207,86
207,87
207,88
207,89
207,90
207,91
207,92
207,93
207,94
207,95
207,96
207,97
207,98
207,99
207,100
207,101
207,102
207,103
207,104
207,105
207,106
207,107
207,108
207,109
207,110
207,111
207,112
207,113
207,114
207,115
207,116
207,117
207,118
207,119
207,120
207,121
207,122
207,123
207,124
207,125
207,126
207,127
207,128
207,129
207,130
207,131
207,132
207,133
207,134
207,135
207,136
207,137
207,138
207,139
207,140
207,141
207,142
207,143
207,144
207,145
207,146
207,147
207,148
207,149
207,150
207,151
207,152
207,153
207,154
207,155
207,156
207,157
207,158
207,159
207,160
207,161
207,162
207,163
207,164
207,165
207,166
207,167
209,0
209,1
209,2
209,3
209,4
209,5
209,6
209,7
209,8
209,9
209,10
209,11
209,12
209,13
209,14
209,15
209,16
209,17
209,18
209,19
209,20
209,21
209,22
209,23
209,24
209,25
209,26
209,27
209,28
209,29
209,30
209,31
209,32
209,33
209,34
209,35
209,36
209,37
209,38
209,39
209,40
209,41
209,42
209,43
209,44
209,45
209,46
209,47
209,48
209,49
209,50
209,51
209,52
209,53
209,54
209,55
209,56
209,57
209,58
209,59
209,60
209,61
209,62
209,63
209,64
209,65
209,66
209,67
209,68
209,69
209,70
209,71
209,72
209,73
209,74
209,75
209,76
209,77
209,78
209,79
209,80
209,81
209,82
209,83
209,84
209,85
209,86
209,87
209,88
209,89
209,90
209,91
209,92
209,93
209,94
209,95
209,96
209,97
209,98
209,99
209,100
209,101
209,102
209,103
209,104
209,105
209,106
209,107
209,108
209,109
209,110
209,111
209,112
209,113
209,114
209,115
209,116
209,117
209,118
209,119
209,120
209,121
209,122
209,123
209,124
209,125
209,126
209,127
209,128
209,129
209,130
209,131
209,132
209,133
209,134
209,135
209,136
209,137
209,138
209,139
209,140
209,141
209,142
209,143
209,144
209,145
209,146
209,147
209,148
209,149
209,150
209,151
209,152
209,153
209,154
209,155
209,156
209,157
209,158
209,159
209,160
209,161
209,162
209,163
209,164
209,165
210,0
210,1
210,2
210,3
210,4
210,5
210,6
210,7
210,8
210,9
210,10
210,11
210,12
210,13
210,14
210,15
210,16
210,17
210,18
210,19
210,20
210,21
210,22
210,23
210,24
210,25
210,26
210,27
210,28
210,29
210,30
210,31
210,32
210,33
210,34
210,35
210,36
210,37
210,38
210,39
210,40
210,41
210,42
210,43
210,44
210,45
210,46
210,47
210,48
210,49
210,50
210,51
210,52
210,53
210,54
210,55
210,56
210,57
210,58
210,59
210,60
210,61
210,62
210,63
210,64
210,65
210,66
210,67
210,68
210,69
210,70
210,71
210,72
210,73
210,74
210,75
210,76
210,77
210,78
210,79
210,80
210,81
210,82
210,83
210,84
210,85
210,86
210,87
210,88
210,89
210,90
210,91
210,92
210,93
210,94
210,95
210,96
210,97
210,98
210,99
210,100
210,101
210,102
210,103
210,104
210,105
210,106
210,107
210,108
210,109
210,110
210,111
210,112
210,113
210,114
210,115
210,116
210,117
210,118
210,119
210,120
210,121
210,122
210,123
210,124
210,125
210,126
210,127
210,128
210,129
210,130
210,131
210,132
210,133
210,134
210,135
210,136
210,137
210,138
210,139
210,140
210,141
210,142
210,143
210,144
210,145
210,146
210,147
210,148
210,149
210,150
210,151
210,152
210,153
210,154
210,155
210,156
210,157
210,158
210,159
210,160
210,161
210,162
210,163
210,164
210,165
210,166
211,0
211,1
211,2
211,3
211,4
211,5
211,6
211,7
211,8
211,9
211,10
211,11
211,12
211,13
211,14
211,15
211,16
211,17
211,18
211,19
211,20
211,21
211,22
211,23
211,24
211,25
211,26
211,27
211,28
211,29
211,30
211,31
211,32
211,33
211,34
211,35
211,36
211,37
211,38
211,39
211,40
211,41
211,42
211,43
211,44
211,45
211,46
211,47
211,48
211,49
211,50
211,51
211,52
211,53
211,54
211,55
211,56
211,57
211,58
211,59
211,60
211,61
211,62
211,63
211,64
211,65
211,66
211,67
211,68
211,69
211,70
211,71
211,72
211,73
211,74
211,75
211,76
211,77
211,78
211,79
211,80
211,81
211,82
211,83
211,84
211,85
211,86
211,87
211,88
211,89
211,90
211,91
211,92
211,93
211,94
211,95
211,96
211,97
211,98
211,99
211,100
211,101
211,102
211,103
211,104
211,105
211,106
211,107
211,108
211,109
211,110
211,111
211,112
211,113
211,114
211,115
211,116
211,117
211,118
211,119
211,120
211,121
211,122
211,123
211,124
211,125
211,126
211,127
211,128
211,129
211,130
211,131
211,132
211,133
211,134
211,135
211,136
211,137
211,138
211,139
211,140
211,141
211,142
211,143
211,144
211,145
211,146
211,147
211,148
211,149
211,150
211,151
211,152
211,153
211,154
211,155
211,156
211,157
211,158
211,159
211,160
211,161
211,162
211,163
211,164
211,165
211,166
211,167
212,0
212,1
212,2
212,3
212,4
212,5
212,6
212,7
212,8
212,9
212,10
212,11
212,12
212,13
212,14
212,15
212,16
212,17
212,18
212,19
212,20
212,21
212,22
212,23
212,24
212,25
212,26
212,27
212,28
212,29
212,30
212,31
212,32
212,33
212,34
212,35
212,36
212,37
212,38
212,39
212,40
212,41
212,42
212,43
212,44
212,45
212,46
212,47
212,48
212,49
212,50
212,51
212,52
212,53
212,54
212,55
212,56
212,57
212,58
212,59
212,60
212,61
212,62
212,63
212,64
212,65
212,66
212,67
212,68
212,69
212,70
212,71
212,72
212,73
212,74
212,75
212,76
212,77
212,78
212,79
212,80
212,81
212,82
212,83
212,84
212,85
212,86
212,87
212,88
212,89
212,90
212,91
212,92
212,93
212,94
212,95
212,96
212,97
212,98
212,99
212,100
212,101
212,102
212,103
212,104
212,105
212,106
212,107
212,108
212,109
212,110
212,111
212,112
212,113
212,114
212,115
212,116
212,117
212,118
212,119
212,120
212,121
212,122
212,123
212,124
212,125
212,126
212,127
212,128
212,129
212,130
212,131
212,132
212,133
212,134
212,135
212,136
212,137
212,138
212,139
212,140
212,141
212,142
212,143
212,144
212,145
212,146
212,147
212,148
212,149
212,150
212,151
212,152
212,153
212,154
212,155
212,156
212,157
212,158
212,159
212,160
212,161
212,162
212,163
212,164
212,165
212,166
215,0
215,1
215,2
215,3
215,4
215,5
215,6
215,7
215,8
215,9
215,10
215,11
215,12
215,13
215,14
215,15
215,16
215,17
215,18
215,19
215,20
215,21
215,22
215,23
215,24
215,25
215,26
215,27
215,28
215,29
215,30
215,31
215,32
215,33
215,34
215,35
215,36
215,37
215,38
215,39
215,40
215,41
215,42
215,43
215,44
215,45
215,46
215,47
215,48
215,49
215,50
215,51
215,52
215,53
215,54
215,55
215,56
215,57
215,58
215,59
215,60
215,61
215,62
215,63
215,64
215,65
215,66
215,67
215,68
215,69
215,70
215,71
215,72
215,73
215,74
215,75
215,76
215,77
215,78
215,79
215,80
215,81
215,82
215,83
215,84
215,85
215,86
215,87
215,88
215,89
215,90
215,91
215,92
215,93
215,94
215,95
215,96
215,97
215,98
215,99
215,100
215,101
215,102
215,103
215,104
215,105
215,106
215,107
215,108
215,109
215,110
215,111
215,112
215,113
215,114
215,115
215,116
215,117
215,118
215,119
215,120
215,121
215,122
215,123
215,124
215,125
215,126
215,127
215,128
215,129
215,130
215,131
215,132
215,133
215,134
215,135
215,136
215,137
215,138
215,139
215,140
215,141
215,142
215,143
215,144
215,145
215,146
215,147
215,148
215,149
215,150
215,151
215,152
215,153
215,154
215,155
215,156
215,157
215,158
215,159
215,160
215,161
215,162
215,163
215,164
215,165
216,0
216,1
216,2
216,3
216,4
216,5
216,6
216,7
216,8
216,9
216,10
216,11
216,12
216,13
216,14
216,15
216,16
216,17
216,18
216,19
216,20
216,21
216,22
216,23
216,24
216,25
216,26
216,27
216,28
216,29
216,30
216,31
216,32
216,33
216,34
216,35
216,36
216,37
216,38
216,39
216,40
216,41
216,42
216,43
216,44
216,45
216,46
216,47
216,48
216,49
216,50
216,51
216,52
216,53
216,54
216,55
216,56
216,57
216,58
216,59
216,60
216,61
216,62
216,63
216,64
216,65
216,66
216,67
216,68
216,69
216,70
216,71
216,72
216,73
216,74
216,75
216,76
216,77
216,78
216,79
216,80
216,81
216,82
216,83
216,84
216,85
216,86
216,87
216,88
216,89
216,90
216,91
216,92
216,93
216,94
216,95
216,96
216,97
216,98
216,99
216,100
216,101
216,102
216,103
216,104
216,105
216,106
216,107
216,108
216,109
216,110
216,111
216,112
216,113
216,114
216,115
216,116
216,117
216,118
216,119
216,120
216,121
216,122
216,123
216,124
216,125
216,126
216,127
216,128
216,129
216,130
216,131
216,132
216,133
216,134
216,135
216,136
216,137
216,138
216,139
216,140
216,141
216,142
216,143
216,144
216,145
216,146
216,147
216,148
216,149
216,150
216,151
216,152
216,153
216,154
216,155
216,156
216,157
216,158
216,159
216,160
216,161
216,162
216,163
216,164
216,165
216,166
216,167
217,0
217,1
217,2
217,3
217,4
217,5
217,6
217,7
217,8
217,9
217,10
217,11
217,12
217,13
217,14
217,15
217,16
217,17
217,18
217,19
217,20
217,21
217,22
217,23
217,24
217,25
217,26
217,27
217,28
217,29
217,30
217,31
217,32
217,33
217,34
217,35
217,36
217,37
217,38
217,39
217,40
217,41
217,42
217,43
217,44
217,45
217,46
217,47
217,48
217,49
217,50
217,51
217,52
217,53
217,54
217,55
217,56
217,57
217,58
217,59
217,60
217,61
217,62
217,63
217,64
217,65
217,66
217,67
217,68
217,69
217,70
217,71
217,72
217,73
217,74
217,75
217,76
217,77
217,78
217,79
217,80
217,81
217,82
217,83
217,84
217,85
217,86
217,87
217,88
217,89
217,90
217,91
217,92
217,93
217,94
217,95
217,96
217,97
217,98
217,99
217,100
217,101
217,102
217,103
217,104
217,105
217,106
217,107
217,108
217,109
217,110
217,111
217,112
217,113
217,114
217,115
217,116
217,117
217,118
217,119
217,120
217,121
217,122
217,123
217,124
217,125
217,126
217,127
217,128
217,129
217,130
217,131
217,132
217,133
217,134
217,135
217,136
217,137
217,138
217,139
217,140
217,141
217,142
217,143
217,144
217,145
217,146
217,147
217,148
217,149
217,150
217,151
217,152
217,153
217,154
217,155
217,156
217,157
217,158
217,159
217,160
217,161
217,162
217,163
217,164
217,165
217,166
217,167
218,0
218,1
218,2
218,3
218,4
218,5
218,6
218,7
218,8
218,9
218,10
218,11
218,12
218,13
218,14
218,15
218,16
218,17
218,18
218,19
218,20
218,21
218,22
218,23
218,24
218,25
218,26
218,27
218,28
218,29
218,30
218,31
218,32
218,33
218,34
218,35
218,36
218,37
218,38
218,39
218,40
218,41
218,42
218,43
218,44
218,45
218,46
218,47
218,48
218,49
218,50
218,51
218,52
218,53
218,54
218,55
218,56
218,57
218,58
218,59
218,60
218,61
218,62
218,63
218,64
218,65
218,66
218,67
218,68
218,69
218,70
218,71
218,72
218,73
218,74
218,75
218,76
218,77
218,78
218,79
218,80
218,81
218,82
218,83
218,84
218,85
218,86
218,87
218,88
218,89
218,90
218,91
218,92
218,93
218,94
218,95
218,96
218,97
218,98
218,99
218,100
218,101
218,102
218,103
218,104
218,105
218,106
218,107
218,108
218,109
218,110
218,111
218,112
218,113
218,114
218,115
218,116
218,117
218,118
218,119
218,120
218,121
218,122
218,123
218,124
218,125
218,126
218,127
218,128
218,129
218,130
218,131
218,132
218,133
218,134
218,135
218,136
218,137
218,138
218,139
218,140
218,141
218,142
218,143
218,144
218,145
218,146
218,147
218,148
218,149
218,150
218,151
218,152
218,153
218,154
218,155
218,156
218,157
218,158
218,159
218,160
218,161
218,162
218,163
218,164
218,165
218,166
220,0
220,1
220,2
220,3
220,4
220,5
220,6
220,7
220,8
220,9
220,10
220,11
220,12
220,13
220,14
220,15
220,16
220,17
220,18
220,19
220,20
220,21
220,22
220,23
220,24
220,25
220,26
220,27
220,28
220,29
220,30
220,31
220,32
220,33
220,34
220,35
220,36
220,37
220,38
220,39
220,40
220,41
220,42
220,43
220,44
220,45
220,46
220,47
220,48
220,49
220,50
220,51
220,52
220,53
220,54
220,55
220,56
220,57
220,58
220,59
220,60
220,61
220,62
220,63
220,64
220,65
220,66
220,67
220,68
221,0
221,1
221,2
221,3
221,4
221,5
221,6
221,7
221,8
221,9
221,10
221,11
221,12
221,13
221,14
221,15
221,16
221,17
221,18
221,19
221,20
221,21
221,22
221,23
221,24
221,25
221,26
221,27
221,28
221,29
221,30
221,31
221,32
221,33
221,34
221,35
221,36
221,37
221,38
221,39
221,40
221,41
221,42
221,43
221,44
221,45
221,46
221,47
221,48
221,49
221,50
221,51
221,52
221,53
221,54
221,55
221,56
221,57
221,58
221,59
221,60
221,61
221,62
221,63
221,64
221,65
221,66
221,67
221,68
221,69
221,70
221,71
221,72
221,73
221,74
221,75
221,76
221,77
221,78
221,79
221,80
221,81
221,82
221,83
221,84
221,85
221,86
221,87
221,88
221,89
221,90
221,91
221,92
221,93
221,94
221,95
221,96
221,97
221,98
221,99
221,100
221,101
221,102
221,103
221,104
221,105
221,106
221,107
221,108
221,109
221,110
221,111
221,112
221,113
221,114
221,115
221,116
221,117
221,118
221,119
221,120
221,121
221,122
221,123
221,124
221,125
221,126
221,127
221,128
221,129
221,130
221,131
221,132
221,133
221,134
221,135
221,136
221,137
221,138
221,139
221,140
221,141
221,142
221,143
221,144
221,145
221,146
221,147
222,0
222,1
222,2
222,3
222,4
222,5
222,6
222,7
222,8
222,9
222,10
222,11
222,12
222,13
222,14
222,15
222,16
222,17
222,18
222,19
222,20
222,21
222,22
222,23
222,24
222,25
222,26
222,27
222,28
222,29
222,30
222,31
222,32
222,33
222,34
222,35
222,36
222,37
222,38
222,39
222,40
222,41
222,42
222,43
222,44
222,45
222,46
222,47
222,48
222,49
222,50
222,51
222,52
222,53
222,54
222,55
222,56
222,57
222,58
222,59
222,60
222,61
222,62
222,63
222,64
222,65
222,66
222,67
222,68
222,69
222,70
222,71
222,72
222,73
222,74
222,75
222,76
222,77
222,78
222,79
222,80
222,81
222,82
222,83
222,84
222,85
222,86
222,87
222,88
222,89
222,90
222,91
222,92
222,93
222,94
222,95
222,96
222,97
222,98
222,99
222,100
222,101
222,102
222,103
222,104
222,105
222,106
222,107
222,108
222,109
222,110
222,111
222,112
222,113
222,114
222,115
222,116
222,117
222,118
222,119
222,120
222,121
222,122
222,123
222,124
222,125
222,126
222,127
222,128
222,129
222,130
222,131
222,132
222,133
222,134
222,135
222,136
222,137
222,138
222,139
222,140
222,141
222,142
222,143
222,144
222,145
222,146
222,147
222,148
222,149
222,150
222,151
222,152
222,153
222,154
222,155
222,156
222,157
222,158
222,159
222,160
222,161
222,162
222,163
222,164
222,165
222,166
222,167
224,0
224,1
225,0
225,1
225,2
225,3
225,4
225,5
225,6
225,7
225,8
225,9
225,10
225,11
225,12
225,13
225,14
225,15
225,16
225,17
225,18
225,19
225,20
225,21
225,22
225,23
225,24
225,25
225,26
225,27
225,28
225,29
225,30
225,31
225,32
225,33
225,34
225,35
225,36
225,37
225,38
225,39
225,40
225,41
225,42
225,43
225,44
225,45
225,46
225,47
225,48
225,49
225,50
225,51
225,52
225,53
225,54
225,55
225,56
225,57
225,58
225,59
225,60
225,61
225,62
225,63
225,64
225,65
225,66
225,67
225,68
225,69
225,70
225,71
225,72
225,73
225,74
225,75
225,76
225,77
225,78
225,79
225,80
225,81
225,82
225,83
225,84
225,85
225,86
225,87
225,88
225,89
225,90
225,91
225,92
225,93
225,94
225,95
225,96
225,97
225,98
225,99
225,100
225,101
225,102
225,103
225,104
225,105
225,106
225,107
225,108
225,109
225,110
225,111
225,112
225,113
225,114
225,115
225,116
225,117
225,118
225,119
225,120
225,121
225,122
225,123
225,124
225,125
225,126
225,127
225,128
225,129
225,130
225,131
225,132
225,133
225,134
225,135
225,136
225,137
225,138
225,139
225,140
225,141
225,142
225,143
225,144
225,145
225,146
225,147
225,148
225,149
225,150
225,151
225,152
225,153
225,154
226,0
226,1
226,2
226,3
226,4
226,5
226,6
226,7
226,8
226,9
226,10
226,11
226,12
226,13
226,14
226,15
226,16
226,17
226,18
226,19
226,20
226,21
226,22
226,23
226,24
226,25
226,26
226,27
226,28
226,29
226,30
226,31
226,32
226,33
226,34
226,35
226,36
226,37
226,38
226,39
226,40
226,41
226,42
226,43
226,44
226,45
226,46
226,47
226,48
226,49
226,50
226,51
226,52
226,53
226,54
226,55
226,56
226,57
226,58
226,59
226,60
226,61
226,62
226,63
226,64
226,65
226,66
226,67
226,68
226,69
226,70
226,71
226,72
226,73
226,74
226,75
226,76
226,77
226,78
226,79
226,80
226,81
226,82
226,83
226,84
226,85
226,86
226,87
226,88
226,89
226,90
226,91
226,92
226,93
226,94
226,95
226,96
226,97
226,98
226,99
226,100
226,101
226,102
226,103
226,104
226,105
226,106
226,107
226,108
226,109
226,110
226,111
226,112
226,113
226,114
226,115
226,116
226,117
226,118
226,119
226,120
226,121
226,122
226,123
226,124
226,125
226,126
226,127
226,128
226,129
226,130
226,131
226,132
226,133
226,134
226,135
226,136
226,137
226,138
226,139
226,140
226,141
226,142
226,143
226,144
226,145
226,146
226,147
226,148
226,149
226,150
226,151
226,152
226,153
226,154
226,155
226,156
226,157
226,158
226,159
226,160
226,161
226,162
226,163
226,164
226,165
226,166
226,167
227,0
227,1
227,2
227,3
227,4
227,5
227,6
227,7
227,8
227,9
227,10
227,11
227,12
227,13
227,14
227,15
227,16
227,17
227,18
227,19
227,20
227,21
227,22
227,23
227,24
227,25
227,26
227,27
227,28
227,29
227,30
227,31
227,32
227,33
227,34
227,35
227,36
227,37
227,38
227,39
227,40
227,41
227,42
227,43
227,44
227,45
227,46
227,47
227,48
227,49
227,50
227,51
227,52
227,53
227,54
227,55
227,56
227,57
227,58
227,59
227,60
227,61
227,62
227,63
227,64
227,65
227,66
227,67
227,68
227,69
227,70
227,71
227,72
227,73
227,74
227,75
227,76
227,77
227,78
227,79
227,80
227,81
227,82
227,83
227,84
227,85
227,86
227,87
227,88
227,89
227,90
227,91
227,92
227,93
227,94
227,95
227,96
227,97
227,98
227,99
227,100
227,101
227,102
227,103
227,104
227,105
227,106
227,107
227,108
227,109
227,110
227,111
227,112
227,113
227,114
227,115
227,116
227,117
227,118
227,119
227,120
227,121
227,122
227,123
227,124
227,125
227,126
227,127
227,128
227,129
227,130
227,131
227,132
227,133
227,134
227,135
227,136
227,137
227,138
227,139
227,140
227,141
227,142
227,143
227,144
227,145
227,146
227,147
227,148
227,149
227,150
227,151
227,152
227,153
227,154
227,155
227,156
227,157
227,158
227,159
227,160
227,161
227,162
227,163
227,164
227,165
227,166
227,167
228,0
228,1
228,2
228,3
228,4
228,5
228,6
228,7
228,8
228,9
228,10
228,11
228,12
228,13
228,14
228,15
228,16
228,17
228,18
228,19
228,20
228,21
228,22
228,23
228,24
228,25
228,26
228,27
228,28
228,29
228,30
228,31
228,32
228,33
228,34
228,35
228,36
228,37
228,38
228,39
228,40
228,41
228,42
228,43
228,44
228,45
228,46
228,47
228,48
228,49
228,50
228,51
228,52
228,53
228,54
228,55
228,56
228,57
228,58
228,59
228,60
228,61
228,62
228,63
228,64
228,65
228,66
228,67
228,68
228,69
228,70
228,71
228,72
228,73
228,74
228,75
228,76
228,77
228,78
228,79
228,80
228,81
228,82
228,83
228,84
228,85
228,86
228,87
228,88
228,89
228,90
228,91
228,92
228,93
228,94
228,95
228,96
228,97
228,98
228,99
228,100
228,101
228,102
228,103
228,104
228,105
228,106
228,107
228,108
228,109
228,110
228,111
228,112
228,113
228,114
228,115
228,116
228,117
228,118
228,119
228,120
228,121
228,122
228,123
228,124
228,125
228,126
228,127
228,128
228,129
228,130
228,131
228,132
228,133
228,134
228,135
228,136
228,137
228,138
228,139
228,140
228,141
228,142
228,143
228,144
228,145
228,146
228,147
228,148
228,149
228,150
228,151
228,152
228,153
228,154
228,155
228,156
228,157
228,158
228,159
228,160
228,161
228,162
228,163
228,164
228,165
228,166
229,0
229,1
229,2
229,3
229,4
229,5
229,6
229,7
229,8
229,9
229,10
229,11
229,12
229,13
229,14
229,15
229,16
229,17
229,18
229,19
229,20
229,21
229,22
229,23
229,24
229,25
229,26
229,27
229,28
229,29
229,30
229,31
229,32
229,33
229,34
229,35
229,36
229,37
229,38
229,39
229,40
229,41
229,42
229,43
229,44
229,45
229,46
229,47
229,48
229,49
229,50
229,51
229,52
229,53
229,54
229,55
229,56
229,57
229,58
229,59
229,60
229,61
229,62
229,63
229,64
229,65
229,66
229,67
229,68
229,69
229,70
229,71
229,72
229,73
229,74
229,75
229,76
229,77
229,78
229,79
229,80
229,81
229,82
229,83
229,84
229,85
229,86
229,87
229,88
229,89
229,90
229,91
229,92
229,93
229,94
229,95
229,96
229,97
229,98
229,99
229,100
229,101
229,102
229,103
229,104
229,105
229,106
229,107
229,108
229,109
229,110
229,111
229,112
229,113
229,114
229,115
229,116
229,117
229,118
229,119
229,120
229,121
229,122
229,123
229,124
229,125
229,126
229,127
229,128
229,129
229,130
229,131
229,132
229,133
229,134
229,135
229,136
229,137
229,138
229,139
229,140
229,141
229,142
229,143
229,144
229,145
229,146
229,147
229,148
229,149
229,150
229,151
229,152
229,153
229,154
229,155
229,156
229,157
229,158
229,159
229,160
229,161
229,162
229,163
229,164
229,165
229,166
229,167
230,0
230,1
230,2
230,3
230,4
230,5
230,6
230,7
230,8
230,9
230,10
230,11
230,12
230,13
230,14
230,15
230,16
230,17
230,18
230,19
230,20
230,21
230,22
230,23
230,24
230,25
230,26
230,27
230,28
230,29
230,30
230,31
230,32
230,33
230,34
230,35
230,36
230,37
230,38
230,39
230,40
230,41
230,42
230,43
230,44
230,45
230,46
230,47
230,48
230,49
230,50
230,51
230,52
230,53
230,54
230,55
230,56
230,57
230,58
230,59
230,60
230,61
230,62
230,63
230,64
230,65
230,66
230,67
230,68
230,69
230,70
230,71
230,72
230,73
230,74
230,75
230,76
230,77
230,78
230,79
230,80
230,81
230,82
230,83
230,84
230,85
230,86
230,87
230,88
230,89
230,90
230,91
230,92
230,93
230,94
230,95
230,96
230,97
230,98
230,99
230,100
230,101
230,102
230,103
230,104
230,105
230,106
230,107
230,108
230,109
230,110
230,111
230,112
230,113
230,114
230,115
230,116
230,117
230,118
230,119
230,120
230,121
230,122
230,123
230,124
230,125
230,126
230,127
230,128
230,129
230,130
230,131
230,132
230,133
230,134
230,135
230,136
230,137
230,138
230,139
230,140
230,141
230,142
230,143
230,144
230,145
230,146
230,147
230,148
230,149
230,150
230,151
230,152
230,153
230,154
230,155
230,156
230,157
230,158
230,159
230,160
230,161
230,162
230,163
230,164
230,165
230,166
230,167
231,0
231,1
231,2
231,3
231,4
231,5
231,6
231,7
231,8
231,9
231,10
231,11
231,12
231,13
231,14
231,15
231,16
231,17
231,18
231,19
231,20
231,21
231,22
231,23
231,24
231,25
231,26
231,27
231,28
231,29
231,30
231,31
231,32
231,33
231,34
231,35
231,36
231,37
231,38
231,39
231,40
231,41
231,42
231,43
231,44
231,45
231,46
231,47
231,48
231,49
231,50
231,51
231,52
231,53
231,54
231,55
231,56
231,57
231,58
231,59
231,60
231,61
231,62
231,63
231,64
231,65
231,66
231,67
231,68
231,69
231,70
231,71
231,72
231,73
231,74
231,75
231,76
231,77
231,78
231,79
231,80
231,81
231,82
231,83
231,84
231,85
231,86
231,87
231,88
231,89
231,90
231,91
231,92
231,93
231,94
231,95
231,96
231,97
231,98
231,99
231,100
231,101
231,102
231,103
231,104
231,105
231,106
231,107
231,108
231,109
231,110
231,111
231,112
231,113
231,114
231,115
231,116
231,117
231,118
231,119
231,120
231,121
231,122
231,123
231,124
231,125
231,126
231,127
231,128
231,129
231,130
231,131
231,132
231,133
231,134
231,135
231,136
231,137
231,138
231,139
231,140
231,141
231,142
231,143
231,144
231,145
231,146
231,147
231,148
231,149
231,150
231,151
231,152
231,153
231,154
231,155
231,156
231,157
231,158
231,159
231,160
231,161
231,162
231,163
231,164
231,165
231,166
231,167
232,0
232,1
232,2
232,3
232,4
232,5
232,6
232,7
232,8
232,9
232,10
232,11
232,12
232,13
232,14
232,15
232,16
232,17
232,18
232,19
232,20
232,21
232,22
232,23
232,24
232,25
232,26
232,27
232,28
232,29
232,30
232,31
232,32
232,33
232,34
232,35
232,36
232,37
232,38
232,39
232,40
232,41
232,42
232,43
232,44
232,45
232,46
232,47
232,48
232,49
232,50
232,51
232,52
232,53
232,54
232,55
232,56
232,57
232,58
232,59
232,60
232,61
232,62
232,63
232,64
232,65
232,66
232,67
232,68
232,69
232,70
232,71
232,72
232,73
232,74
232,75
232,76
232,77
232,78
232,79
232,80
232,81
232,82
232,83
232,84
232,85
232,86
232,87
232,88
232,89
232,90
232,91
232,92
232,93
232,94
232,95
232,96
232,97
232,98
232,99
232,100
232,101
232,102
232,103
232,104
232,105
232,106
232,107
232,108
232,109
232,110
232,111
232,112
232,113
232,114
232,115
232,116
232,117
232,118
232,119
232,120
232,121
232,122
232,123
232,124
232,125
232,126
232,127
232,128
232,129
232,130
232,131
232,132
232,133
232,134
232,135
232,136
232,137
232,138
232,139
232,140
232,141
232,142
232,143
232,144
232,145
232,146
232,147
232,148
232,149
232,150
232,151
232,152
232,153
232,154
232,155
232,156
232,157
232,158
232,159
232,160
232,161
232,162
232,163
232,164
232,165
232,166
233,0
233,1
233,2
233,3
233,4
233,5
233,6
233,7
233,8
233,9
233,10
233,11
233,12
233,13
233,14
233,15
233,16
233,17
233,18
233,19
233,20
233,21
233,22
233,23
233,24
233,25
233,26
233,27
233,28
233,29
233,30
233,31
233,32
233,33
233,34
233,35
233,36
233,37
233,38
233,39
233,40
233,41
233,42
233,43
233,44
233,45
233,46
233,47
233,48
233,49
233,50
233,51
233,52
233,53
233,54
233,55
233,56
233,57
233,58
233,59
233,60
233,61
233,62
233,63
233,64
233,65
233,66
233,67
233,68
233,69
233,70
233,71
233,72
233,73
233,74
233,75
233,76
233,77
233,78
233,79
233,80
233,81
233,82
233,83
233,84
233,85
233,86
233,87
233,88
233,89
233,90
233,91
233,92
233,93
233,94
233,95
233,96
233,97
233,98
233,99
233,100
233,101
233,102
233,103
233,104
233,105
233,106
233,107
233,108
233,109
233,110
233,111
233,112
233,113
233,114
233,115
233,116
233,117
233,118
233,119
233,120
233,121
233,122
233,123
233,124
233,125
233,126
233,127
233,128
233,129
233,130
233,131
233,132
233,133
233,134
233,135
233,136
233,137
233,138
233,139
233,140
233,141
233,142
233,143
233,144
233,145
233,146
233,147
233,148
233,149
233,150
233,151
233,152
233,153
233,154
233,155
233,156
233,157
233,158
233,159
233,160
233,161
233,162
233,163
233,164
233,165
233,166
234,0
234,1
234,2
234,3
234,4
234,5
234,6
234,7
234,8
234,9
234,10
234,11
234,12
234,13
234,14
234,15
234,16
234,17
234,18
234,19
234,20
234,21
234,22
234,23
234,24
234,25
234,26
234,27
234,28
234,29
234,30
234,31
234,32
234,33
234,34
234,35
234,36
234,37
234,38
234,39
234,40
234,41
234,42
234,43
234,44
234,45
234,46
234,47
234,48
234,49
234,50
234,51
234,52
234,53
234,54
234,55
234,56
234,57
234,58
234,59
234,60
234,61
234,62
234,63
234,64
234,65
234,66
234,67
234,68
234,69
234,70
234,71
234,72
234,73
234,74
234,75
234,76
234,77
234,78
234,79
234,80
234,81
234,82
234,83
234,84
234,85
234,86
234,87
234,88
234,89
234,90
234,91
234,92
234,93
234,94
234,95
234,96
234,97
234,98
234,99
234,100
234,101
234,102
234,103
234,104
234,105
234,106
234,107
234,108
234,109
234,110
234,111
234,112
234,113
234,114
234,115
234,116
234,117
234,118
234,119
234,120
234,121
234,122
234,123
234,124
234,125
234,126
234,127
234,128
234,129
234,130
234,131
234,132
234,133
234,134
234,135
234,136
234,137
234,138
234,139
234,140
234,141
234,142
234,143
234,144
234,145
234,146
234,147
234,148
234,149
234,150
234,151
234,152
234,153
234,154
234,155
234,156
234,157
234,158
234,159
234,160
234,161
234,162
234,163
234,164
234,165
235,0
235,1
235,2
235,3
235,4
235,5
235,6
235,7
235,8
235,9
235,10
235,11
235,12
235,13
235,14
235,15
235,16
235,17
235,18
235,19
235,20
235,21
235,22
235,23
235,24
235,25
235,26
235,27
235,28
235,29
235,30
235,31
235,32
235,33
235,34
235,35
235,36
235,37
235,38
235,39
235,40
235,41
235,42
235,43
235,44
235,45
235,46
235,47
235,48
235,49
235,50
235,51
235,52
235,53
235,54
235,55
235,56
235,57
235,58
235,59
235,60
235,61
235,62
235,63
235,64
235,65
235,66
235,67
235,68
235,69
235,70
235,71
235,72
235,73
235,74
235,75
235,76
235,77
235,78
235,79
235,80
235,81
235,82
235,83
235,84
235,85
235,86
235,87
235,88
235,89
235,90
235,91
235,92
235,93
235,94
235,95
235,96
235,97
235,98
235,99
235,100
235,101
235,102
235,103
235,104
235,105
235,106
235,107
235,108
235,109
235,110
235,111
235,112
235,113
235,114
235,115
235,116
235,117
235,118
235,119
235,120
235,121
235,122
235,123
235,124
235,125
235,126
235,127
235,128
235,129
235,130
235,131
235,132
235,133
235,134
235,135
235,136
235,137
235,138
235,139
235,140
235,141
235,142
235,143
235,144
235,145
235,146
235,147
235,148
235,149
235,150
235,151
235,152
235,153
235,154
235,155
235,156
235,157
235,158
235,159
235,160
235,161
235,162
235,163
235,164
235,165
235,166
236,0
236,1
236,2
236,3
236,4
236,5
236,6
236,7
236,8
236,9
236,10
236,11
236,12
236,13
236,14
236,15
236,16
236,17
236,18
236,19
236,20
236,21
236,22
236,23
236,24
236,25
236,26
236,27
236,28
236,29
236,30
236,31
236,32
236,33
236,34
236,35
236,36
236,37
236,38
236,39
236,40
236,41
236,42
236,43
236,44
236,45
236,46
236,47
236,48
236,49
236,50
236,51
236,52
236,53
236,54
236,55
236,56
236,57
236,58
236,59
236,60
236,61
236,62
236,63
236,64
236,65
236,66
236,67
236,68
236,69
236,70
236,71
236,72
236,73
236,74
236,75
236,76
236,77
236,78
236,79
236,80
236,81
236,82
236,83
236,84
236,85
236,86
236,87
236,88
236,89
236,90
236,91
236,92
236,93
236,94
236,95
236,96
236,97
236,98
236,99
236,100
236,101
236,102
236,103
236,104
236,105
236,106
236,107
236,108
236,109
236,110
236,111
236,112
236,113
236,114
236,115
236,116
236,117
236,118
236,119
236,120
236,121
236,122
236,123
236,124
236,125
236,126
236,127
236,128
236,129
236,130
236,131
236,132
236,133
236,134
236,135
236,136
236,137
236,138
236,139
236,140
236,141
236,142
236,143
236,144
236,145
236,146
236,147
236,148
236,149
236,150
236,151
236,152
236,153
236,154
236,155
236,156
236,157
236,158
236,159
236,160
236,161
236,162
236,163
236,164
236,165
236,166
236,167
237,0
237,1
237,2
237,3
237,4
237,5
237,6
237,7
237,8
237,9
237,10
237,11
237,12
237,13
237,14
237,15
237,16
237,17
237,18
237,19
237,20
237,21
237,22
237,23
237,24
237,25
237,26
237,27
237,28
237,29
237,30
237,31
237,32
237,33
237,34
237,35
237,36
237,37
237,38
237,39
237,40
237,41
237,42
237,43
237,44
237,45
237,46
237,47
237,48
237,49
237,50
237,51
237,52
237,53
237,54
237,55
237,56
237,57
237,58
237,59
237,60
237,61
237,62
237,63
237,64
237,65
237,66
237,67
237,68
237,69
237,70
237,71
237,72
237,73
237,74
237,75
237,76
237,77
237,78
237,79
237,80
237,81
237,82
237,83
237,84
237,85
237,86
237,87
237,88
237,89
237,90
237,91
237,92
237,93
237,94
237,95
237,96
237,97
237,98
237,99
237,100
237,101
237,102
237,103
237,104
237,105
237,106
237,107
237,108
237,109
237,110
237,111
237,112
237,113
237,114
237,115
237,116
237,117
237,118
237,119
237,120
237,121
237,122
237,123
237,124
237,125
237,126
237,127
237,128
237,129
237,130
237,131
237,132
237,133
237,134
237,135
237,136
237,137
237,138
237,139
237,140
237,141
237,142
237,143
237,144
237,145
237,146
237,147
237,148
237,149
237,150
237,151
237,152
237,153
237,154
237,155
237,156
237,157
237,158
237,159
237,160
237,161
237,162
237,163
237,164
237,165
237,166
240,0
240,1
240,2
240,3
240,4
240,5
240,6
240,7
240,8
240,9
240,10
240,11
240,12
240,13
240,14
240,15
240,16
240,17
240,18
240,19
240,20
240,21
240,22
240,23
240,24
240,25
240,26
240,27
240,28
240,29
240,30
240,31
240,32
240,33
240,34
240,35
240,36
240,37
240,38
240,39
240,40
240,41
240,42
240,43
240,44
240,45
240,46
240,47
240,48
240,49
240,50
240,51
240,52
240,53
240,54
240,55
240,56
240,57
240,58
240,59
240,60
240,61
240,62
240,63
240,64
240,65
240,66
240,67
240,68
240,69
240,70
240,71
240,72
240,73
240,74
240,75
240,76
240,77
240,78
240,79
240,80
240,81
240,82
240,83
240,84
240,85
240,86
240,87
240,88
240,89
240,90
240,91
240,92
240,93
240,94
240,95
240,96
240,97
240,98
240,99
240,100
240,101
240,102
240,103
240,104
240,105
240,106
240,107
240,108
240,109
240,110
240,111
240,112
240,113
240,114
240,115
240,116
240,117
240,118
240,119
240,120
240,121
240,122
240,123
240,124
240,125
240,126
240,127
240,128
240,129
240,130
240,131
240,132
240,133
240,134
240,135
240,136
240,137
240,138
240,139
240,140
240,141
240,142
240,143
240,144
240,145
240,146
240,147
240,148
240,149
240,150
240,151
240,152
240,153
240,154
240,155
240,156
240,157
240,158
240,159
240,160
240,161
240,162
240,163
240,164
240,165
240,166
240,167
240,168
241,0
241,1
241,2
241,3
241,4
241,5
241,6
241,7
241,8
241,9
241,10
241,11
241,12
241,13
241,14
241,15
241,16
241,17
241,18
241,19
241,20
241,21
241,22
241,23
241,24
241,25
241,26
241,27
241,28
241,29
241,30
241,31
241,32
241,33
241,34
241,35
241,36
241,37
241,38
241,39
241,40
241,41
241,42
241,43
241,44
241,45
241,46
241,47
241,48
241,49
241,50
241,51
241,52
241,53
241,54
241,55
241,56
241,57
241,58
241,59
241,60
241,61
241,62
241,63
241,64
241,65
241,66
241,67
241,68
241,69
241,70
241,71
241,72
241,73
241,74
241,75
241,76
241,77
241,78
241,79
241,80
241,81
241,82
241,83
241,84
241,85
241,86
241,87
241,88
241,89
241,90
241,91
241,92
241,93
241,94
241,95
241,96
241,97
241,98
241,99
241,100
241,101
241,102
241,103
241,104
241,105
241,106
241,107
241,108
241,109
241,110
241,111
241,112
241,113
241,114
241,115
241,116
241,117
241,118
241,119
241,120
241,121
241,122
241,123
241,124
241,125
241,126
241,127
241,128
241,129
241,130
241,131
241,132
241,133
241,134
241,135
241,136
241,137
241,138
241,139
241,140
241,141
241,142
241,143
241,144
241,145
241,146
241,147
241,148
241,149
241,150
241,151
241,152
241,153
241,154
241,155
241,156
241,157
241,158
241,159
241,160
241,161
241,162
241,163
241,164
241,165
241,166
243,0
243,1
243,2
243,3
243,4
243,5
243,6
243,7
243,8
243,9
243,10
243,11
243,12
243,13
243,14
243,15
243,16
243,17
243,18
243,19
243,20
243,21
243,22
243,23
243,24
243,25
243,26
243,27
243,28
243,29
243,30
243,31
243,32
243,33
243,34
243,35
243,36
243,37
243,38
243,39
243,40
243,41
243,42
243,43
243,44
243,45
243,46
243,47
243,48
243,49
243,50
243,51
243,52
243,53
243,54
243,55
243,56
243,57
243,58
243,59
243,60
243,61
243,62
243,63
243,64
243,65
243,66
243,67
243,68
243,69
243,70
243,71
243,72
243,73
243,74
243,75
243,76
243,77
243,78
243,79
243,80
243,81
243,82
243,83
243,84
243,85
243,86
243,87
243,88
243,89
243,90
243,91
243,92
243,93
243,94
243,95
243,96
243,97
243,98
243,99
243,100
243,101
243,102
243,103
243,104
243,105
243,106
243,107
243,108
243,109
243,110
243,111
243,112
243,113
243,114
243,115
243,116
243,117
243,118
243,119
243,120
243,121
243,122
243,123
243,124
243,125
243,126
243,127
243,128
243,129
243,130
243,131
243,132
243,133
243,134
243,135
243,136
243,137
243,138
243,139
243,140
243,141
243,142
243,143
243,144
243,145
243,146
243,147
243,148
243,149
243,150
243,151
243,152
243,153
243,154
243,155
243,156
243,157
243,158
243,159
243,160
243,161
243,162
243,163
243,164
243,165
243,166
243,167
244,0
244,1
244,2
244,3
244,4
244,5
244,6
244,7
244,8
244,9
244,10
244,11
244,12
244,13
244,14
244,15
244,16
244,17
244,18
244,19
244,20
244,21
244,22
244,23
244,24
244,25
244,26
244,27
244,28
244,29
244,30
244,31
244,32
244,33
244,34
244,35
244,36
244,37
244,38
244,39
244,40
244,41
244,42
244,43
244,44
244,45
244,46
244,47
244,48
244,49
244,50
244,51
244,52
244,53
244,54
244,55
244,56
244,57
244,58
244,59
244,60
244,61
244,62
244,63
244,64
244,65
244,66
244,67
244,68
244,69
244,70
244,71
244,72
244,73
244,74
244,75
244,76
244,77
244,78
244,79
244,80
244,81
244,82
244,83
244,84
244,85
244,86
244,87
244,88
244,89
244,90
244,91
244,92
244,93
244,94
244,95
244,96
244,97
244,98
244,99
244,100
244,101
244,102
244,103
244,104
244,105
244,106
244,107
244,108
244,109
244,110
244,111
244,112
244,113
244,114
244,115
244,116
244,117
244,118
244,119
244,120
244,121
244,122
244,123
244,124
244,125
244,126
244,127
244,128
244,129
244,130
244,131
244,132
244,133
244,134
244,135
244,136
244,137
244,138
244,139
244,140
244,141
244,142
244,143
244,144
244,145
244,146
244,147
244,148
244,149
244,150
244,151
244,152
244,153
244,154
244,155
244,156
244,157
244,158
244,159
244,160
244,161
244,162
244,163
244,164
244,165
244,166
244,167
244,168
246,0
246,1
246,2
246,3
246,4
246,5
246,6
246,7
246,8
246,9
246,10
246,11
246,12
246,13
246,14
246,15
246,16
246,17
246,18
246,19
246,20
246,21
246,22
246,23
246,24
246,25
246,26
246,27
246,28
246,29
246,30
246,31
246,32
246,33
246,34
246,35
246,36
246,37
246,38
246,39
246,40
246,41
246,42
246,43
246,44
246,45
246,46
246,47
246,48
246,49
246,50
246,51
246,52
246,53
246,54
246,55
246,56
246,57
246,58
246,59
246,60
246,61
246,62
246,63
246,64
246,65
246,66
246,67
246,68
246,69
246,70
246,71
246,72
246,73
246,74
246,75
246,76
246,77
246,78
246,79
246,80
246,81
246,82
246,83
246,84
246,85
246,86
246,87
246,88
246,89
246,90
246,91
246,92
246,93
246,94
246,95
246,96
246,97
246,98
246,99
246,100
246,101
246,102
246,103
246,104
246,105
246,106
246,107
246,108
246,109
246,110
246,111
246,112
246,113
246,114
246,115
246,116
246,117
246,118
246,119
246,120
246,121
246,122
246,123
246,124
246,125
246,126
246,127
246,128
246,129
246,130
246,131
246,132
246,133
246,134
246,135
246,136
246,137
246,138
246,139
246,140
246,141
246,142
246,143
246,144
246,145
246,146
246,147
246,148
246,149
246,150
246,151
246,152
246,153
246,154
246,155
246,156
246,157
246,158
246,159
246,160
246,161
246,162
246,163
246,164
246,165
246,166
246,167
247,0
247,1
247,2
247,3
247,4
247,5
247,6
247,7
247,8
247,9
247,10
247,11
247,12
247,13
247,14
247,15
247,16
247,17
247,18
247,19
247,20
247,21
247,22
247,23
247,24
247,25
247,26
247,27
247,28
247,29
247,30
247,31
247,32
247,33
247,34
247,35
247,36
247,37
247,38
247,39
247,40
247,41
247,42
247,43
247,44
247,45
247,46
247,47
247,48
247,49
247,50
247,51
247,52
247,53
247,54
247,55
247,56
247,57
247,58
247,59
247,60
247,61
247,62
247,63
247,64
247,65
247,66
247,67
247,68
247,69
247,70
247,71
247,72
247,73
247,74
247,75
247,76
247,77
247,78
247,79
247,80
247,81
247,82
247,83
247,84
247,85
247,86
247,87
247,88
247,89
247,90
247,91
247,92
247,93
247,94
247,95
247,96
247,97
247,98
247,99
247,100
247,101
247,102
247,103
247,104
247,105
247,106
247,107
247,108
247,109
247,110
247,111
247,112
247,113
247,114
247,115
247,116
247,117
247,118
247,119
247,120
247,121
247,122
247,123
247,124
247,125
247,126
247,127
247,128
247,129
247,130
247,131
247,132
247,133
247,134
247,135
247,136
247,137
247,138
247,139
247,140
247,141
247,142
247,143
247,144
247,145
247,146
247,147
247,148
247,149
247,150
247,151
247,152
247,153
247,154
247,155
247,156
247,157
247,158
247,159
247,160
247,161
247,162
247,163
247,164
247,165
249,0
249,1
249,2
249,3
249,4
249,5
249,6
249,7
249,8
249,9
249,10
249,11
249,12
249,13
249,14
249,15
249,16
249,17
249,18
249,19
249,20
249,21
249,22
249,23
249,24
249,25
249,26
249,27
249,28
249,29
249,30
249,31
249,32
249,33
249,34
249,35
249,36
249,37
249,38
249,39
249,40
249,41
249,42
249,43
249,44
249,45
249,46
249,47
249,48
249,49
249,50
249,51
249,52
249,53
249,54
249,55
249,56
249,57
249,58
249,59
249,60
249,61
249,62
249,63
249,64
249,65
249,66
249,67
249,68
249,69
249,70
249,71
249,72
249,73
249,74
249,75
249,76
249,77
249,78
249,79
249,80
249,81
249,82
249,83
249,84
249,85
249,86
249,87
249,88
249,89
249,90
249,91
249,92
249,93
249,94
249,95
249,96
249,97
249,98
249,99
249,100
249,101
249,102
249,103
249,104
249,105
249,106
249,107
249,108
249,109
249,110
249,111
249,112
249,113
249,114
249,115
249,116
249,117
249,118
249,119
249,120
249,121
249,122
249,123
249,124
249,125
249,126
249,127
249,128
249,129
249,130
249,131
249,132
249,133
249,134
249,135
249,136
249,137
249,138
249,139
249,140
249,141
249,142
249,143
249,144
249,145
249,146
249,147
249,148
249,149
249,150
249,151
249,152
249,153
249,154
249,155
249,156
249,157
249,158
249,159
249,160
249,161
249,162
249,163
249,164
249,165
250,0
250,1
250,2
250,3
250,4
250,5
250,6
250,7
250,8
250,9
250,10
250,11
250,12
250,13
250,14
250,15
250,16
250,17
250,18
250,19
250,20
250,21
250,22
250,23
250,24
250,25
250,26
250,27
250,28
250,29
250,30
250,31
250,32
250,33
250,34
250,35
250,36
250,37
250,38
250,39
250,40
250,41
250,42
250,43
250,44
250,45
250,46
250,47
250,48
250,49
250,50
250,51
250,52
250,53
250,54
250,55
250,56
250,57
250,58
250,59
250,60
250,61
250,62
250,63
250,64
250,65
250,66
250,67
250,68
250,69
250,70
250,71
250,72
250,73
250,74
250,75
250,76
250,77
250,78
250,79
250,80
250,81
250,82
250,83
250,84
250,85
250,86
250,87
250,88
250,89
250,90
250,91
250,92
250,93
250,94
250,95
250,96
250,97
250,98
250,99
250,100
250,101
250,102
250,103
250,104
250,105
250,106
250,107
250,108
250,109
250,110
250,111
250,112
250,113
250,114
250,115
250,116
250,117
250,118
250,119
250,120
250,121
250,122
250,123
250,124
250,125
250,126
250,127
250,128
250,129
250,130
250,131
250,132
250,133
250,134
250,135
250,136
250,137
250,138
250,139
250,140
250,141
250,142
250,143
250,144
250,145
250,146
250,147
250,148
250,149
250,150
250,151
250,152
250,153
250,154
250,155
250,156
250,157
250,158
250,159
250,160
250,161
250,162
250,163
250,164
250,165
251,0
251,1
251,2
251,3
251,4
251,5
251,6
251,7
251,8
251,9
251,10
251,11
251,12
251,13
251,14
251,15
251,16
251,17
251,18
251,19
251,20
251,21
251,22
251,23
251,24
251,25
251,26
251,27
251,28
251,29
251,30
251,31
251,32
251,33
251,34
251,35
251,36
251,37
251,38
251,39
251,40
251,41
251,42
251,43
251,44
251,45
251,46
251,47
251,48
251,49
251,50
251,51
251,52
251,53
251,54
251,55
251,56
251,57
251,58
251,59
251,60
251,61
251,62
251,63
251,64
251,65
251,66
251,67
251,68
251,69
251,70
251,71
251,72
251,73
251,74
251,75
251,76
251,77
251,78
251,79
251,80
251,81
251,82
251,83
251,84
251,85
251,86
251,87
251,88
251,89
251,90
251,91
251,92
251,93
251,94
251,95
251,96
251,97
251,98
251,99
251,100
251,101
251,102
251,103
251,104
251,105
251,106
251,107
251,108
251,109
251,110
251,111
251,112
251,113
251,114
251,115
251,116
251,117
251,118
251,119
251,120
251,121
251,122
251,123
251,124
251,125
251,126
251,127
251,128
251,129
251,130
251,131
251,132
251,133
251,134
251,135
251,136
251,137
251,138
251,139
251,140
251,141
251,142
251,143
251,144
251,145
251,146
251,147
251,148
251,149
251,150
251,151
251,152
251,153
251,154
251,155
251,156
251,157
251,158
251,159
251,160
251,161
251,162
251,163
251,164
252,0
252,1
252,2
252,3
252,4
252,5
252,6
252,7
252,8
252,9
252,10
252,11
252,12
252,13
252,14
252,15
252,16
252,17
252,18
252,19
252,20
252,21
252,22
252,23
252,24
252,25
252,26
252,27
252,28
252,29
252,30
252,31
252,32
252,33
252,34
252,35
252,36
252,37
252,38
252,39
252,40
252,41
252,42
252,43
252,44
252,45
252,46
252,47
252,48
252,49
252,50
252,51
252,52
252,53
252,54
252,55
252,56
252,57
252,58
252,59
252,60
252,61
252,62
252,63
252,64
252,65
252,66
252,67
252,68
252,69
252,70
252,71
252,72
252,73
252,74
252,75
252,76
252,77
252,78
252,79
252,80
252,81
252,82
252,83
252,84
252,85
252,86
252,87
252,88
252,89
252,90
252,91
252,92
252,93
252,94
252,95
252,96
252,97
252,98
252,99
252,100
252,101
252,102
252,103
252,104
252,105
252,106
252,107
252,108
252,109
252,110
252,111
252,112
252,113
252,114
252,115
252,116
252,117
252,118
252,119
252,120
252,121
252,122
252,123
252,124
252,125
252,126
252,127
252,128
252,129
252,130
252,131
252,132
252,133
252,134
252,135
252,136
252,137
252,138
252,139
252,140
252,141
252,142
252,143
252,144
252,145
252,146
252,147
252,148
252,149
252,150
252,151
252,152
252,153
252,154
252,155
252,156
252,157
252,158
252,159
252,160
252,161
252,162
252,163
252,164
252,165
252,166
252,167
253,0
253,1
253,2
253,3
253,4
253,5
253,6
253,7
253,8
253,9
253,10
253,11
253,12
253,13
253,14
253,15
253,16
253,17
253,18
253,19
253,20
253,21
253,22
253,23
253,24
253,25
253,26
253,27
253,28
253,29
253,30
253,31
253,32
253,33
253,34
253,35
253,36
253,37
253,38
253,39
253,40
253,41
253,42
253,43
253,44
253,45
253,46
253,47
253,48
253,49
253,50
253,51
253,52
253,53
253,54
253,55
253,56
253,57
253,58
253,59
253,60
253,61
253,62
253,63
253,64
253,65
253,66
253,67
253,68
253,69
253,70
253,71
253,72
253,73
253,74
253,75
253,76
253,77
253,78
253,79
253,80
253,81
253,82
253,83
253,84
253,85
253,86
253,87
253,88
253,89
253,90
253,91
253,92
253,93
253,94
253,95
253,96
253,97
253,98
253,99
253,100
253,101
253,102
253,103
253,104
253,105
253,106
253,107
253,108
253,109
253,110
253,111
253,112
253,113
253,114
253,115
253,116
253,117
253,118
253,119
253,120
253,121
253,122
253,123
253,124
253,125
253,126
253,127
253,128
253,129
253,130
253,131
253,132
253,133
253,134
253,135
253,136
253,137
253,138
253,139
253,140
253,141
253,142
253,143
253,144
253,145
253,146
253,147
253,148
253,149
253,150
253,151
253,152
253,153
253,154
253,155
253,156
253,157
253,158
253,159
253,160
253,161
253,162
253,163
253,164
253,165
253,166
256,0
256,1
256,2
256,3
256,4
256,5
256,6
256,7
256,8
256,9
256,10
256,11
256,12
256,13
256,14
256,15
256,16
256,17
256,18
256,19
256,20
256,21
256,22
256,23
256,24
256,25
256,26
256,27
256,28
256,29
256,30
256,31
256,32
256,33
256,34
256,35
256,36
256,37
256,38
256,39
256,40
256,41
256,42
256,43
256,44
256,45
256,46
256,47
256,48
256,49
256,50
256,51
256,52
256,53
256,54
256,55
256,56
256,57
256,58
256,59
256,60
256,61
256,62
256,63
256,64
256,65
256,66
256,67
256,68
256,69
256,70
256,71
256,72
256,73
256,74
256,75
256,76
256,77
256,78
256,79
256,80
256,81
256,82
256,83
256,84
256,85
256,86
256,87
256,88
256,89
256,90
256,91
256,92
256,93
256,94
256,95
256,96
256,97
256,98
256,99
256,100
256,101
256,102
256,103
256,104
256,105
256,106
256,107
256,108
256,109
256,110
256,111
256,112
256,113
256,114
256,115
256,116
256,117
256,118
256,119
256,120
256,121
256,122
256,123
256,124
256,125
256,126
256,127
256,128
256,129
256,130
256,131
256,132
256,133
256,134
256,135
256,136
256,137
256,138
256,139
256,140
256,141
256,142
256,143
256,144
256,145
256,146
256,147
256,148
256,149
256,150
256,151
256,152
256,153
256,154
256,155
256,156
256,157
256,158
256,159
256,160
256,161
256,162
256,163
256,164
256,165
256,166
256,167
257,0
257,1
257,2
257,3
257,4
257,5
257,6
257,7
257,8
257,9
257,10
257,11
257,12
257,13
257,14
257,15
257,16
